id,baseline_age,sex,education,apoe4,onset_age,time_years,amyloid_ratio
1,63.1,Female,16,Carrier,NA,0,0.1105487
1,63.1,Female,16,Carrier,NA,2,NA
1,63.1,Female,16,Carrier,NA,4,0.109325197
1,63.1,Female,16,Carrier,NA,6,0.104756131
1,63.1,Female,16,Carrier,NA,8,0.107257697
2,65.6,Female,20,Carrier,NA,0,0.107481183
2,65.6,Female,20,Carrier,NA,2,0.109157373
2,65.6,Female,20,Carrier,NA,4,0.109457839
2,65.6,Female,20,Carrier,NA,6,0.105729713
2,65.6,Female,20,Carrier,NA,8,0.10661845
3,62.5,Male,16,Carrier,66.8,0,0.106087034
3,62.5,Male,16,Carrier,66.8,2,0.108744509
3,62.5,Male,16,Carrier,66.8,4,0.106065035
3,62.5,Male,16,Carrier,66.8,6,NA
3,62.5,Male,16,Carrier,66.8,8,0.106152357
4,69.8,Female,16,Non-carrier,NA,0,0.109251358
4,69.8,Female,16,Non-carrier,NA,2,0.108699686
4,69.8,Female,16,Non-carrier,NA,4,0.110540386
4,69.8,Female,16,Non-carrier,NA,6,0.107476797
4,69.8,Female,16,Non-carrier,NA,8,0.111212209
5,66,Male,16,Non-carrier,68.7,0,0.107950408
5,66,Male,16,Non-carrier,68.7,2,0.112273883
5,66,Male,16,Non-carrier,68.7,4,0.115139677
5,66,Male,16,Non-carrier,68.7,6,0.106606054
5,66,Male,16,Non-carrier,68.7,8,0.106052066
6,62.5,Male,16,Non-carrier,NA,0,0.112426974
6,62.5,Male,16,Non-carrier,NA,2,0.112853415
6,62.5,Male,16,Non-carrier,NA,4,0.11143945
6,62.5,Male,16,Non-carrier,NA,6,0.110279277
6,62.5,Male,16,Non-carrier,NA,8,0.114982747
7,66.5,Male,18,Non-carrier,74,0,0.112246391
7,66.5,Male,18,Non-carrier,74,2,NA
7,66.5,Male,18,Non-carrier,74,4,0.104251905
7,66.5,Male,18,Non-carrier,74,6,0.112485583
7,66.5,Male,18,Non-carrier,74,8,0.112055612
8,67.2,Female,18,Non-carrier,NA,0,0.109563372
8,67.2,Female,18,Non-carrier,NA,2,0.109470828
8,67.2,Female,18,Non-carrier,NA,4,NA
8,67.2,Female,18,Non-carrier,NA,6,0.108742168
8,67.2,Female,18,Non-carrier,NA,8,0.110268552
9,66.7,Female,16,Non-carrier,NA,0,0.112101884
9,66.7,Female,16,Non-carrier,NA,2,0.109781199
9,66.7,Female,16,Non-carrier,NA,4,0.108832888
9,66.7,Female,16,Non-carrier,NA,6,NA
9,66.7,Female,16,Non-carrier,NA,8,NA
10,64.1,Female,18,Non-carrier,NA,0,0.1116094
10,64.1,Female,18,Non-carrier,NA,2,0.111592149
10,64.1,Female,18,Non-carrier,NA,4,NA
10,64.1,Female,18,Non-carrier,NA,6,NA
10,64.1,Female,18,Non-carrier,NA,8,0.110051296
11,69.5,Female,16,Non-carrier,NA,0,0.109119335
11,69.5,Female,16,Non-carrier,NA,2,0.109316496
11,69.5,Female,16,Non-carrier,NA,4,0.1114037
11,69.5,Female,16,Non-carrier,NA,6,0.108586573
11,69.5,Female,16,Non-carrier,NA,8,0.108993335
12,66.2,Female,18,Non-carrier,NA,0,0.112042298
12,66.2,Female,18,Non-carrier,NA,2,0.114167481
12,66.2,Female,18,Non-carrier,NA,4,0.109859682
12,66.2,Female,18,Non-carrier,NA,6,0.106842794
12,66.2,Female,18,Non-carrier,NA,8,0.107334106
13,63.1,Male,12,Carrier,69,0,0.110300505
13,63.1,Male,12,Carrier,69,2,0.108534417
13,63.1,Male,12,Carrier,69,4,0.108100808
13,63.1,Male,12,Carrier,69,6,0.109229662
13,63.1,Male,12,Carrier,69,8,0.104861901
15,68.4,Male,20,Non-carrier,NA,0,0.111544948
15,68.4,Male,20,Non-carrier,NA,2,NA
15,68.4,Male,20,Non-carrier,NA,4,0.110798711
15,68.4,Male,20,Non-carrier,NA,6,0.110378192
15,68.4,Male,20,Non-carrier,NA,8,0.106742725
16,64.9,Female,16,Non-carrier,NA,0,0.110218888
16,64.9,Female,16,Non-carrier,NA,2,0.113741328
16,64.9,Female,16,Non-carrier,NA,4,0.111101474
16,64.9,Female,16,Non-carrier,NA,6,0.108852437
16,64.9,Female,16,Non-carrier,NA,8,0.109556166
17,65,Female,18,Non-carrier,NA,0,0.108399246
17,65,Female,18,Non-carrier,NA,2,0.113317542
17,65,Female,18,Non-carrier,NA,4,0.105909034
17,65,Female,18,Non-carrier,NA,6,0.107196914
17,65,Female,18,Non-carrier,NA,8,0.110199133
18,67.8,Male,16,Non-carrier,69.8,0,0.114137255
18,67.8,Male,16,Non-carrier,69.8,2,0.107093264
18,67.8,Male,16,Non-carrier,69.8,4,0.110872562
18,67.8,Male,16,Non-carrier,69.8,6,0.108982605
18,67.8,Male,16,Non-carrier,69.8,8,0.106873903
19,67.5,Male,16,Carrier,NA,0,0.106989637
19,67.5,Male,16,Carrier,NA,2,0.105861947
19,67.5,Male,16,Carrier,NA,4,0.107371076
19,67.5,Male,16,Carrier,NA,6,0.109003799
19,67.5,Male,16,Carrier,NA,8,0.102666279
20,66.8,Male,16,Non-carrier,NA,0,0.109546355
20,66.8,Male,16,Non-carrier,NA,2,0.114905811
20,66.8,Male,16,Non-carrier,NA,4,0.107900402
20,66.8,Male,16,Non-carrier,NA,6,0.104254203
20,66.8,Male,16,Non-carrier,NA,8,NA
21,67.8,Male,16,Non-carrier,NA,0,0.112307333
21,67.8,Male,16,Non-carrier,NA,2,NA
21,67.8,Male,16,Non-carrier,NA,4,0.108297956
21,67.8,Male,16,Non-carrier,NA,6,0.110300812
21,67.8,Male,16,Non-carrier,NA,8,0.108506223
22,67.3,Female,20,Carrier,74.6,0,0.109320501
22,67.3,Female,20,Carrier,74.6,2,NA
22,67.3,Female,20,Carrier,74.6,4,0.107524961
22,67.3,Female,20,Carrier,74.6,6,0.106098161
22,67.3,Female,20,Carrier,74.6,8,0.105416197
23,65.2,Male,18,Non-carrier,NA,0,0.114131595
23,65.2,Male,18,Non-carrier,NA,2,0.106741733
23,65.2,Male,18,Non-carrier,NA,4,NA
23,65.2,Male,18,Non-carrier,NA,6,0.107469873
23,65.2,Male,18,Non-carrier,NA,8,0.110544536
24,59,Female,12,Non-carrier,NA,0,0.116402071
24,59,Female,12,Non-carrier,NA,2,0.111696923
24,59,Female,12,Non-carrier,NA,4,0.110232524
24,59,Female,12,Non-carrier,NA,6,0.111166592
24,59,Female,12,Non-carrier,NA,8,0.114258539
25,66.9,Male,16,Non-carrier,NA,0,0.112064705
25,66.9,Male,16,Non-carrier,NA,2,0.111500661
25,66.9,Male,16,Non-carrier,NA,4,NA
25,66.9,Male,16,Non-carrier,NA,6,0.108690215
25,66.9,Male,16,Non-carrier,NA,8,NA
26,64.8,Female,20,Carrier,71.1,0,0.104749004
26,64.8,Female,20,Carrier,71.1,2,0.110171403
26,64.8,Female,20,Carrier,71.1,4,0.106128029
26,64.8,Female,20,Carrier,71.1,6,0.102036973
26,64.8,Female,20,Carrier,71.1,8,0.104994305
27,64.5,Female,16,Non-carrier,NA,0,0.110989538
27,64.5,Female,16,Non-carrier,NA,2,0.106955781
27,64.5,Female,16,Non-carrier,NA,4,0.114806616
27,64.5,Female,16,Non-carrier,NA,6,0.107115847
27,64.5,Female,16,Non-carrier,NA,8,0.105972994
28,60.6,Male,20,Non-carrier,NA,0,0.115005658
28,60.6,Male,20,Non-carrier,NA,2,0.115655949
28,60.6,Male,20,Non-carrier,NA,4,0.112172466
28,60.6,Male,20,Non-carrier,NA,6,0.112449191
28,60.6,Male,20,Non-carrier,NA,8,0.108843523
29,63.6,Male,16,Non-carrier,NA,0,0.115129874
29,63.6,Male,16,Non-carrier,NA,2,0.112980122
29,63.6,Male,16,Non-carrier,NA,4,0.1118295
29,63.6,Male,16,Non-carrier,NA,6,0.112608543
29,63.6,Male,16,Non-carrier,NA,8,0.112497893
30,66.3,Female,12,Non-carrier,73.1,0,0.109311868
30,66.3,Female,12,Non-carrier,73.1,2,0.111327152
30,66.3,Female,12,Non-carrier,73.1,4,0.107454368
30,66.3,Female,12,Non-carrier,73.1,6,0.113914306
30,66.3,Female,12,Non-carrier,73.1,8,0.108895642
31,69.1,Female,12,Non-carrier,NA,0,0.109918477
31,69.1,Female,12,Non-carrier,NA,2,0.108271983
31,69.1,Female,12,Non-carrier,NA,4,0.108206771
31,69.1,Female,12,Non-carrier,NA,6,0.105681631
31,69.1,Female,12,Non-carrier,NA,8,0.107525141
32,64.7,Male,16,Non-carrier,NA,0,0.113900561
32,64.7,Male,16,Non-carrier,NA,2,0.110762481
32,64.7,Male,16,Non-carrier,NA,4,0.109443041
32,64.7,Male,16,Non-carrier,NA,6,0.107025688
32,64.7,Male,16,Non-carrier,NA,8,0.11116698
33,66.2,Male,18,Non-carrier,NA,0,0.11282421
33,66.2,Male,18,Non-carrier,NA,2,0.110933268
33,66.2,Male,18,Non-carrier,NA,4,Na
33,66.2,Male,18,Non-carrier,NA,6,0.110644516
33,66.2,Male,18,Non-carrier,NA,8,0.106447411
34,64.8,Female,16,Carrier,NA,0,0.104993684
34,64.8,Female,16,Carrier,NA,2,0.104423118
34,64.8,Female,16,Carrier,NA,4,NA
34,64.8,Female,16,Carrier,NA,6,0.107896181
34,64.8,Female,16,Carrier,NA,8,0.107087733
35,60.9,Female,12,Non-carrier,NA,0,0.111469634
35,60.9,Female,12,Non-carrier,NA,2,0.11528595
35,60.9,Female,12,Non-carrier,NA,4,0.108868436
35,60.9,Female,12,Non-carrier,NA,6,0.109639633
35,60.9,Female,12,Non-carrier,NA,8,0.108461387
36,63.8,Male,16,Non-carrier,NA,0,0.113243449
36,63.8,Male,16,Non-carrier,NA,2,0.108346174
36,63.8,Male,16,Non-carrier,NA,4,0.114211489
36,63.8,Male,16,Non-carrier,NA,6,0.113578691
36,63.8,Male,16,Non-carrier,NA,8,0.112382504
37,63.8,Male,16,Non-carrier,NA,0,0.112698425
37,63.8,Male,16,Non-carrier,NA,2,0.114833189
37,63.8,Male,16,Non-carrier,NA,4,0.112628096
37,63.8,Male,16,Non-carrier,NA,6,0.113016322
37,63.8,Male,16,Non-carrier,NA,8,0.110599009
38,64.8,Female,18,Non-carrier,NA,0,0.112078587
38,64.8,Female,18,Non-carrier,NA,2,0.106174978
38,64.8,Female,18,Non-carrier,NA,4,0.108917893
38,64.8,Female,18,Non-carrier,NA,6,0.111679794
38,64.8,Female,18,Non-carrier,NA,8,0.109003574
39,68.3,Female,16,Carrier,70.2,0,0.104426255
39,68.3,Female,16,Carrier,70.2,2,NA
39,68.3,Female,16,Carrier,70.2,4,0.103901084
39,68.3,Female,16,Carrier,70.2,6,0.108309492
39,68.3,Female,16,Carrier,70.2,8,0.10220325
40,67.3,Male,16,Non-carrier,NA,0,0.110273161
40,67.3,Male,16,Non-carrier,NA,2,0.106484944
40,67.3,Male,16,Non-carrier,NA,4,0.10625245
40,67.3,Male,16,Non-carrier,NA,6,0.112426569
40,67.3,Male,16,Non-carrier,NA,8,0.107214432
41,64.5,Male,16,Non-carrier,NA,0,0.116358895
41,64.5,Male,16,Non-carrier,NA,2,0.11123813
41,64.5,Male,16,Non-carrier,NA,4,0.106242805
41,64.5,Male,16,Non-carrier,NA,6,0.115597605
41,64.5,Male,16,Non-carrier,NA,8,NA
42,64.2,Male,16,Non-carrier,NA,0,0.111611943
42,64.2,Male,16,Non-carrier,NA,2,0.112288748
42,64.2,Male,16,Non-carrier,NA,4,0.1111357
42,64.2,Male,16,Non-carrier,NA,6,0.107423818
42,64.2,Male,16,Non-carrier,NA,8,0.106798468
43,67.1,Female,16,Carrier,71.6,0,0.110428403
43,67.1,Female,16,Carrier,71.6,2,0.105244566
43,67.1,Female,16,Carrier,71.6,4,NA
43,67.1,Female,16,Carrier,71.6,6,0.108647685
43,67.1,Female,16,Carrier,71.6,8,0.102142812
44,66.7,Male,20,Non-carrier,NA,0,0.11033457
44,66.7,Male,20,Non-carrier,NA,2,0.106889675
44,66.7,Male,20,Non-carrier,NA,4,0.114852972
44,66.7,Male,20,Non-carrier,NA,6,0.108259502
44,66.7,Male,20,Non-carrier,NA,8,0.108429063
45,62.9,Male,20,Carrier,65.2,0,0.106887426
45,62.9,Male,20,Carrier,65.2,2,0.110818579
45,62.9,Male,20,Carrier,65.2,4,0.111516749
45,62.9,Male,20,Carrier,65.2,6,0.107179289
45,62.9,Male,20,Carrier,65.2,8,0.10457923
46,62.9,Male,16,Non-carrier,NA,0,0.109471438
46,62.9,Male,16,Non-carrier,NA,2,0.115916407
46,62.9,Male,16,Non-carrier,NA,4,0.113395876
46,62.9,Male,16,Non-carrier,NA,6,0.111078341
46,62.9,Male,16,Non-carrier,NA,8,0.113198416
47,66.1,Female,12,Carrier,NA,0,0.110545321
47,66.1,Female,12,Carrier,NA,2,0.106081847
47,66.1,Female,12,Carrier,NA,4,NA
47,66.1,Female,12,Carrier,NA,6,0.107847761
47,66.1,Female,12,Carrier,NA,8,0.10662516
48,67.3,Male,16,Non-carrier,NA,0,0.110589751
48,67.3,Male,16,Non-carrier,NA,2,0.118265809
48,67.3,Male,16,Non-carrier,NA,4,0.104885905
48,67.3,Male,16,Non-carrier,NA,6,0.109693764
48,67.3,Male,16,Non-carrier,NA,8,0.111567623
50,67.6,Female,18,Carrier,NA,0,0.107169039
50,67.6,Female,18,Carrier,NA,2,0.10473295
50,67.6,Female,18,Carrier,NA,4,0.108557518
50,67.6,Female,18,Carrier,NA,6,0.104577694
50,67.6,Female,18,Carrier,NA,8,0.104070382
51,66.2,Male,16,Non-carrier,NA,0,0.112642382
51,66.2,Male,16,Non-carrier,NA,2,0.111428735
51,66.2,Male,16,Non-carrier,NA,4,NA
51,66.2,Male,16,Non-carrier,NA,6,0.109139703
51,66.2,Male,16,Non-carrier,NA,8,0.110763947
52,63.2,Female,16,Carrier,NA,0,0.111360375
52,63.2,Female,16,Carrier,NA,2,NA
52,63.2,Female,16,Carrier,NA,4,0.105968742
52,63.2,Female,16,Carrier,NA,6,0.101625243
52,63.2,Female,16,Carrier,NA,8,0.108211349
53,66,Male,20,Non-carrier,NA,0,0.112152275
53,66,Male,20,Non-carrier,NA,2,0.11324751
53,66,Male,20,Non-carrier,NA,4,0.109562093
53,66,Male,20,Non-carrier,NA,6,0.110612356
53,66,Male,20,Non-carrier,NA,8,0.111641956
54,61.6,Female,16,Non-carrier,NA,0,0.1119746
54,61.6,Female,16,Non-carrier,NA,2,0.113741518
54,61.6,Female,16,Non-carrier,NA,4,0.112621732
54,61.6,Female,16,Non-carrier,NA,6,0.107033715
54,61.6,Female,16,Non-carrier,NA,8,0.110514169
55,69.3,Female,16,Carrier,73.6,0,0.101507799
55,69.3,Female,16,Carrier,73.6,2,0.105455229
55,69.3,Female,16,Carrier,73.6,4,0.104251537
55,69.3,Female,16,Carrier,73.6,6,0.106088762
55,69.3,Female,16,Carrier,73.6,8,0.103609078
56,70.9,Male,20,Non-carrier,NA,0,0.109192332
56,70.9,Male,20,Non-carrier,NA,2,0.109498539
56,70.9,Male,20,Non-carrier,NA,4,0.109589217
56,70.9,Male,20,Non-carrier,NA,6,0.106356285
56,70.9,Male,20,Non-carrier,NA,8,0.106426905
57,63.9,Female,16,Non-carrier,NA,0,0.108984035
57,63.9,Female,16,Non-carrier,NA,2,0.107700573
57,63.9,Female,16,Non-carrier,NA,4,0.109241877
57,63.9,Female,16,Non-carrier,NA,6,NA
57,63.9,Female,16,Non-carrier,NA,8,0.105709243
58,61.9,Male,12,Non-carrier,NA,0,0.114595933
58,61.9,Male,12,Non-carrier,NA,2,0.111352261
58,61.9,Male,12,Non-carrier,NA,4,0.112874539
58,61.9,Male,12,Non-carrier,NA,6,0.111821774
58,61.9,Male,12,Non-carrier,NA,8,0.110010365
59,66.7,Female,20,Carrier,74.4,0,0.103415696
59,66.7,Female,20,Carrier,74.4,2,0.10351346
59,66.7,Female,20,Carrier,74.4,4,0.100971886
59,66.7,Female,20,Carrier,74.4,6,0.108515848
59,66.7,Female,20,Carrier,74.4,8,0.104119779
60,64.6,Male,18,Non-carrier,NA,0,0.117059602
60,64.6,Male,18,Non-carrier,NA,2,0.108726723
60,64.6,Male,18,Non-carrier,NA,4,0.114616686
60,64.6,Male,18,Non-carrier,NA,6,0.113010154
60,64.6,Male,18,Non-carrier,NA,8,0.108289209
61,72.2,Male,16,Non-carrier,NA,0,0.111657594
61,72.2,Male,16,Non-carrier,NA,2,0.110695476
61,72.2,Male,16,Non-carrier,NA,4,0.108442578
61,72.2,Male,16,Non-carrier,NA,6,0.111418671
61,72.2,Male,16,Non-carrier,NA,8,0.106864815
62,64.9,Female,18,Non-carrier,NA,0,0.116002304
62,64.9,Female,18,Non-carrier,NA,2,0.108109054
62,64.9,Female,18,Non-carrier,NA,4,0.112990262
62,64.9,Female,18,Non-carrier,NA,6,0.108264264
62,64.9,Female,18,Non-carrier,NA,8,0.109523624
63,67.1,Female,20,Non-carrier,NA,0,0.110500693
63,67.1,Female,20,Non-carrier,NA,2,0.10970472
63,67.1,Female,20,Non-carrier,NA,4,0.109146796
63,67.1,Female,20,Non-carrier,NA,6,0.110698585
63,67.1,Female,20,Non-carrier,NA,8,0.108102955
64,65.1,Male,16,Carrier,NA,0,0.112127194
64,65.1,Male,16,Carrier,NA,2,0.1087145
64,65.1,Male,16,Carrier,NA,4,0.108195677
64,65.1,Male,16,Carrier,NA,6,0.107059598
64,65.1,Male,16,Carrier,NA,8,0.105631869
65,62.8,Female,16,Non-carrier,66.5,0,0.11256305
65,62.8,Female,16,Non-carrier,66.5,2,0.11366025
65,62.8,Female,16,Non-carrier,66.5,4,0.112475164
65,62.8,Female,16,Non-carrier,66.5,6,0.111539121
65,62.8,Female,16,Non-carrier,66.5,8,0.111844573
66,65.6,Female,20,Non-carrier,NA,0,0.111954901
66,65.6,Female,20,Non-carrier,NA,2,0.110838014
66,65.6,Female,20,Non-carrier,NA,4,0.113296815
66,65.6,Female,20,Non-carrier,NA,6,0.10903554
66,65.6,Female,20,Non-carrier,NA,8,0.106355888
67,59.6,Male,18,Non-carrier,64.2,0,0.11229141
67,59.6,Male,18,Non-carrier,64.2,2,NA
67,59.6,Male,18,Non-carrier,64.2,4,0.109758184
67,59.6,Male,18,Non-carrier,64.2,6,NA
67,59.6,Male,18,Non-carrier,64.2,8,0.109166863
68,69.4,Male,20,Non-carrier,NA,0,0.113514969
68,69.4,Male,20,Non-carrier,NA,2,0.11572734
68,69.4,Male,20,Non-carrier,NA,4,0.10879763
68,69.4,Male,20,Non-carrier,NA,6,0.109832607
68,69.4,Male,20,Non-carrier,NA,8,0.107130682
69,65.5,Female,20,Carrier,72.5,0,0.114392996
69,65.5,Female,20,Carrier,72.5,2,0.104970251
69,65.5,Female,20,Carrier,72.5,4,0.109161136
69,65.5,Female,20,Carrier,72.5,6,0.107839858
69,65.5,Female,20,Carrier,72.5,8,0.107005326
70,71.5,Male,16,Non-carrier,NA,0,0.11258955
70,71.5,Male,16,Non-carrier,NA,2,0.110998288
70,71.5,Male,16,Non-carrier,NA,4,0.110323734
70,71.5,Male,16,Non-carrier,NA,6,0.106420417
70,71.5,Male,16,Non-carrier,NA,8,0.108667851
71,66.4,Male,16,Non-carrier,NA,0,0.111170052
71,66.4,Male,16,Non-carrier,NA,2,0.117843678
71,66.4,Male,16,Non-carrier,NA,4,0.112303289
71,66.4,Male,16,Non-carrier,NA,6,0.111873152
71,66.4,Male,16,Non-carrier,NA,8,0.104601954
73,66.8,Female,18,Non-carrier,NA,0,NA
73,66.8,Female,18,Non-carrier,NA,2,0.109440795
73,66.8,Female,18,Non-carrier,NA,4,0.112072561
73,66.8,Female,18,Non-carrier,NA,6,0.104290102
73,66.8,Female,18,Non-carrier,NA,8,0.107973912
74,62.2,Male,20,Carrier,NA,0,0.11199154
74,62.2,Male,20,Carrier,NA,2,0.111793054
74,62.2,Male,20,Carrier,NA,4,0.108314413
74,62.2,Male,20,Carrier,NA,6,0.107177142
74,62.2,Male,20,Carrier,NA,8,0.107072996
75,61.2,Female,16,Carrier,65.4,0,0.108368094
75,61.2,Female,16,Carrier,65.4,2,0.10773377
75,61.2,Female,16,Carrier,65.4,4,0.105117512
75,61.2,Female,16,Carrier,65.4,6,0.106359342
75,61.2,Female,16,Carrier,65.4,8,0.105999842
76,65.9,Male,12,Non-carrier,68,0,0.110931307
76,65.9,Male,12,Non-carrier,68,2,0.109048068
76,65.9,Male,12,Non-carrier,68,4,0.106670279
76,65.9,Male,12,Non-carrier,68,6,0.10805051
76,65.9,Male,12,Non-carrier,68,8,0.111364424
77,63.7,Female,18,Carrier,66.4,0,0.107284617
77,63.7,Female,18,Carrier,66.4,2,0.106476261
77,63.7,Female,18,Carrier,66.4,4,0.112886515
77,63.7,Female,18,Carrier,66.4,6,0.101454474
77,63.7,Female,18,Carrier,66.4,8,0.10454377
78,65,Male,16,Non-carrier,68,0,0.113982537
78,65,Male,16,Non-carrier,68,2,0.110739736
78,65,Male,16,Non-carrier,68,4,0.113457585
78,65,Male,16,Non-carrier,68,6,0.111259357
78,65,Male,16,Non-carrier,68,8,0.108290955
79,65.2,Male,16,Non-carrier,NA,0,0.109816232
79,65.2,Male,16,Non-carrier,NA,2,0.112462775
79,65.2,Male,16,Non-carrier,NA,4,0.110359103
79,65.2,Male,16,Non-carrier,NA,6,0.108465947
79,65.2,Male,16,Non-carrier,NA,8,0.110077079
80,63.2,Male,20,Non-carrier,NA,0,0.114404744
80,63.2,Male,20,Non-carrier,NA,2,0.112232425
80,63.2,Male,20,Non-carrier,NA,4,0.113650805
80,63.2,Male,20,Non-carrier,NA,6,0.105629175
80,63.2,Male,20,Non-carrier,NA,8,0.112047717
81,63.3,Male,16,Non-carrier,NA,0,0.111769129
81,63.3,Male,16,Non-carrier,NA,2,0.113022403
81,63.3,Male,16,Non-carrier,NA,4,0.11429784
81,63.3,Male,16,Non-carrier,NA,6,0.111346443
81,63.3,Male,16,Non-carrier,NA,8,0.110568342
82,64.6,Male,12,Non-carrier,NA,0,0.106842105
82,64.6,Male,12,Non-carrier,NA,2,0.109246944
82,64.6,Male,12,Non-carrier,NA,4,0.112949219
82,64.6,Male,12,Non-carrier,NA,6,0.107515672
82,64.6,Male,12,Non-carrier,NA,8,0.109695421
83,68.5,Female,12,Non-carrier,NA,0,0.110867514
83,68.5,Female,12,Non-carrier,NA,2,0.108763415
83,68.5,Female,12,Non-carrier,NA,4,0.107042979
83,68.5,Female,12,Non-carrier,NA,6,0.105112564
83,68.5,Female,12,Non-carrier,NA,8,0.108152289
84,60.4,Male,20,Non-carrier,NA,0,0.109772289
84,60.4,Male,20,Non-carrier,NA,2,0.111280123
84,60.4,Male,20,Non-carrier,NA,4,0.112429218
84,60.4,Male,20,Non-carrier,NA,6,0.109864808
84,60.4,Male,20,Non-carrier,NA,8,0.110974151
85,66.8,Female,16,Non-carrier,NA,0,0.112680791
85,66.8,Female,16,Non-carrier,NA,2,0.110136142
85,66.8,Female,16,Non-carrier,NA,4,0.109738529
85,66.8,Female,16,Non-carrier,NA,6,0.112317873
85,66.8,Female,16,Non-carrier,NA,8,NA
86,66,Female,18,Carrier,71.7,0,0.108360583
86,66,Female,18,Carrier,71.7,2,0.102932875
86,66,Female,18,Carrier,71.7,4,0.106523976
86,66,Female,18,Carrier,71.7,6,0.104131568
86,66,Female,18,Carrier,71.7,8,0.101939043
87,68.2,Male,18,Non-carrier,76,0,0.113658986
87,68.2,Male,18,Non-carrier,76,2,0.110688998
87,68.2,Male,18,Non-carrier,76,4,0.112175174
87,68.2,Male,18,Non-carrier,76,6,0.107445684
87,68.2,Male,18,Non-carrier,76,8,0.103597297
88,64.1,Male,16,Non-carrier,NA,0,0.113149962
88,64.1,Male,16,Non-carrier,NA,2,0.114242052
88,64.1,Male,16,Non-carrier,NA,4,0.117254569
88,64.1,Male,16,Non-carrier,NA,6,NA
88,64.1,Male,16,Non-carrier,NA,8,0.112467469
89,66.1,Female,16,Carrier,66.2,0,0.106393057
89,66.1,Female,16,Carrier,66.2,2,0.10721245
89,66.1,Female,16,Carrier,66.2,4,NA
89,66.1,Female,16,Carrier,66.2,6,0.104814949
89,66.1,Female,16,Carrier,66.2,8,0.100291816
90,65.8,Male,16,Non-carrier,NA,0,0.111350211
90,65.8,Male,16,Non-carrier,NA,2,0.108327816
90,65.8,Male,16,Non-carrier,NA,4,0.110971204
90,65.8,Male,16,Non-carrier,NA,6,0.111208231
90,65.8,Male,16,Non-carrier,NA,8,0.109673371
91,63.4,Male,16,Carrier,NA,0,0.108286598
91,63.4,Male,16,Carrier,NA,2,0.108503416
91,63.4,Male,16,Carrier,NA,4,0.104867456
91,63.4,Male,16,Carrier,NA,6,0.107243697
91,63.4,Male,16,Carrier,NA,8,0.103342003
93,68.5,Male,16,Carrier,NA,0,0.107302948
93,68.5,Male,16,Carrier,NA,2,0.10815066
93,68.5,Male,16,Carrier,NA,4,0.102894277
93,68.5,Male,16,Carrier,NA,6,0.107999958
93,68.5,Male,16,Carrier,NA,8,0.10394613
94,67.1,Male,16,Non-carrier,NA,0,0.11389369
94,67.1,Male,16,Non-carrier,NA,2,Na
94,67.1,Male,16,Non-carrier,NA,4,0.113000849
94,67.1,Male,16,Non-carrier,NA,6,0.10867866
94,67.1,Male,16,Non-carrier,NA,8,0.112277473
95,69.8,Female,16,Non-carrier,NA,0,0.109724039
95,69.8,Female,16,Non-carrier,NA,2,0.107726306
95,69.8,Female,16,Non-carrier,NA,4,0.109543387
95,69.8,Female,16,Non-carrier,NA,6,NA
95,69.8,Female,16,Non-carrier,NA,8,0.105829673
96,66.7,Female,16,Non-carrier,NA,0,0.10882737
96,66.7,Female,16,Non-carrier,NA,2,0.115567697
96,66.7,Female,16,Non-carrier,NA,4,0.107410972
96,66.7,Female,16,Non-carrier,NA,6,0.110039381
96,66.7,Female,16,Non-carrier,NA,8,0.107708336
97,61.2,Male,16,Non-carrier,NA,0,0.111474758
97,61.2,Male,16,Non-carrier,NA,2,0.109985821
97,61.2,Male,16,Non-carrier,NA,4,0.109112853
97,61.2,Male,16,Non-carrier,NA,6,0.108639427
97,61.2,Male,16,Non-carrier,NA,8,0.107794924
98,63.3,Female,16,Carrier,NA,0,0.110120828
98,63.3,Female,16,Carrier,NA,2,0.107460146
98,63.3,Female,16,Carrier,NA,4,0.111702393
98,63.3,Female,16,Carrier,NA,6,0.108042001
98,63.3,Female,16,Carrier,NA,8,NA
99,61.3,Female,20,Non-carrier,NA,0,0.113739376
99,61.3,Female,20,Non-carrier,NA,2,0.113836662
99,61.3,Female,20,Non-carrier,NA,4,0.112302961
99,61.3,Female,20,Non-carrier,NA,6,0.10970711
99,61.3,Female,20,Non-carrier,NA,8,0.111980619
100,63.6,Female,16,Non-carrier,NA,0,0.111809236
100,63.6,Female,16,Non-carrier,NA,2,0.113480494
100,63.6,Female,16,Non-carrier,NA,4,0.108741417
100,63.6,Female,16,Non-carrier,NA,6,0.112060616
100,63.6,Female,16,Non-carrier,NA,8,0.108496272
101,63.1,Female,16,Non-carrier,NA,0,0.110027715
101,63.1,Female,16,Non-carrier,NA,2,0.107126479
101,63.1,Female,16,Non-carrier,NA,4,0.114302597
101,63.1,Female,16,Non-carrier,NA,6,NA
101,63.1,Female,16,Non-carrier,NA,8,0.109217169
102,65.1,Male,16,Non-carrier,NA,0,0.114021113
102,65.1,Male,16,Non-carrier,NA,2,0.111891046
102,65.1,Male,16,Non-carrier,NA,4,NA
102,65.1,Male,16,Non-carrier,NA,6,0.105846926
102,65.1,Male,16,Non-carrier,NA,8,0.109321568
103,62.3,Male,16,Non-carrier,NA,0,0.112685364
103,62.3,Male,16,Non-carrier,NA,2,0.110353689
103,62.3,Male,16,Non-carrier,NA,4,0.11297875
103,62.3,Male,16,Non-carrier,NA,6,0.110669275
103,62.3,Male,16,Non-carrier,NA,8,0.112546477
104,65.5,Male,12,Non-carrier,NA,0,0.115247354
104,65.5,Male,12,Non-carrier,NA,2,0.110250294
104,65.5,Male,12,Non-carrier,NA,4,0.109044095
104,65.5,Male,12,Non-carrier,NA,6,0.11062238
104,65.5,Male,12,Non-carrier,NA,8,0.112816101
105,63,Male,20,Non-carrier,NA,0,0.109296054
105,63,Male,20,Non-carrier,NA,2,0.110609633
105,63,Male,20,Non-carrier,NA,4,0.110215796
105,63,Male,20,Non-carrier,NA,6,0.11197232
105,63,Male,20,Non-carrier,NA,8,0.11586455
106,70.3,Female,16,Carrier,74.8,0,0.105380438
106,70.3,Female,16,Carrier,74.8,2,0.104828457
106,70.3,Female,16,Carrier,74.8,4,NA
106,70.3,Female,16,Carrier,74.8,6,0.101852464
106,70.3,Female,16,Carrier,74.8,8,0.104347845
107,67.2,Male,16,Carrier,NA,0,0.106831077
107,67.2,Male,16,Carrier,NA,2,0.106743189
107,67.2,Male,16,Carrier,NA,4,0.106388181
107,67.2,Male,16,Carrier,NA,6,0.106368477
107,67.2,Male,16,Carrier,NA,8,0.109349326
108,67.7,Male,16,Non-carrier,NA,0,0.114386093
108,67.7,Male,16,Non-carrier,NA,2,0.115448793
108,67.7,Male,16,Non-carrier,NA,4,0.106225786
108,67.7,Male,16,Non-carrier,NA,6,0.108570637
108,67.7,Male,16,Non-carrier,NA,8,0.111220793
109,66.2,Female,16,Carrier,68.4,0,0.107026721
109,66.2,Female,16,Carrier,68.4,2,0.107718021
109,66.2,Female,16,Carrier,68.4,4,0.104457501
109,66.2,Female,16,Carrier,68.4,6,0.100723304
109,66.2,Female,16,Carrier,68.4,8,0.100848092
110,70,Male,16,Non-carrier,NA,0,0.11508839
110,70,Male,16,Non-carrier,NA,2,0.109565612
110,70,Male,16,Non-carrier,NA,4,0.113467325
110,70,Male,16,Non-carrier,NA,6,0.110730718
110,70,Male,16,Non-carrier,NA,8,0.109706311
111,63.1,Male,16,Non-carrier,NA,0,0.116854074
111,63.1,Male,16,Non-carrier,NA,2,0.108924187
111,63.1,Male,16,Non-carrier,NA,4,NA
111,63.1,Male,16,Non-carrier,NA,6,0.11040878
111,63.1,Male,16,Non-carrier,NA,8,0.108420012
112,63.6,Female,18,Non-carrier,NA,0,0.111255089
112,63.6,Female,18,Non-carrier,NA,2,0.106622887
112,63.6,Female,18,Non-carrier,NA,4,0.107405587
112,63.6,Female,18,Non-carrier,NA,6,0.111182267
112,63.6,Female,18,Non-carrier,NA,8,0.109703985
113,69.3,Male,16,Carrier,NA,0,0.110601602
113,69.3,Male,16,Carrier,NA,2,0.106395652
113,69.3,Male,16,Carrier,NA,4,0.105653459
113,69.3,Male,16,Carrier,NA,6,0.104944529
113,69.3,Male,16,Carrier,NA,8,0.103201994
114,63,Female,18,Carrier,NA,0,0.109260791
114,63,Female,18,Carrier,NA,2,0.105549252
114,63,Female,18,Carrier,NA,4,0.108490992
114,63,Female,18,Carrier,NA,6,0.106399534
114,63,Female,18,Carrier,NA,8,0.107797014
115,64.4,Female,20,Non-carrier,NA,0,0.114378624
115,64.4,Female,20,Non-carrier,NA,2,0.109972567
115,64.4,Female,20,Non-carrier,NA,4,0.109285194
115,64.4,Female,20,Non-carrier,NA,6,0.10946718
115,64.4,Female,20,Non-carrier,NA,8,0.107488455
116,63.8,Male,20,Non-carrier,NA,0,0.116560093
116,63.8,Male,20,Non-carrier,NA,2,0.112065311
116,63.8,Male,20,Non-carrier,NA,4,0.113491941
116,63.8,Male,20,Non-carrier,NA,6,0.11171185
116,63.8,Male,20,Non-carrier,NA,8,0.113371387
117,64,Male,18,Carrier,NA,0,0.109024731
117,64,Male,18,Carrier,NA,2,0.103151047
117,64,Male,18,Carrier,NA,4,0.10950157
117,64,Male,18,Carrier,NA,6,0.105328335
117,64,Male,18,Carrier,NA,8,0.107953773
118,64.2,Female,16,Carrier,NA,0,0.10623753
118,64.2,Female,16,Carrier,NA,2,0.107475814
118,64.2,Female,16,Carrier,NA,4,0.105855583
118,64.2,Female,16,Carrier,NA,6,0.105872981
118,64.2,Female,16,Carrier,NA,8,0.104382242
119,66.5,Male,16,Non-carrier,NA,0,0.109791068
119,66.5,Male,16,Non-carrier,NA,2,0.11174097
119,66.5,Male,16,Non-carrier,NA,4,0.107977703
119,66.5,Male,16,Non-carrier,NA,6,0.109350074
119,66.5,Male,16,Non-carrier,NA,8,0.108662675
120,64.5,Female,20,Carrier,72.2,0,0.106856079
120,64.5,Female,20,Carrier,72.2,2,0.111398319
120,64.5,Female,20,Carrier,72.2,4,0.103014244
120,64.5,Female,20,Carrier,72.2,6,0.106365255
120,64.5,Female,20,Carrier,72.2,8,0.103045743
121,63.5,Male,18,Non-carrier,NA,0,0.109994928
121,63.5,Male,18,Non-carrier,NA,2,0.112206524
121,63.5,Male,18,Non-carrier,NA,4,0.116631
121,63.5,Male,18,Non-carrier,NA,6,0.114170985
121,63.5,Male,18,Non-carrier,NA,8,0.11071067
122,69,Female,16,Non-carrier,NA,0,0.108602738
122,69,Female,16,Non-carrier,NA,2,0.113932534
122,69,Female,16,Non-carrier,NA,4,0.108209099
122,69,Female,16,Non-carrier,NA,6,0.106157812
122,69,Female,16,Non-carrier,NA,8,0.104543774
123,64.4,Male,18,Carrier,67.4,0,0.108080327
123,64.4,Male,18,Carrier,67.4,2,0.112383506
123,64.4,Male,18,Carrier,67.4,4,0.11008691
123,64.4,Male,18,Carrier,67.4,6,0.107630692
123,64.4,Male,18,Carrier,67.4,8,0.101780509
124,64.5,Female,16,Non-carrier,NA,0,0.110921697
124,64.5,Female,16,Non-carrier,NA,2,0.113305901
124,64.5,Female,16,Non-carrier,NA,4,0.109506095
124,64.5,Female,16,Non-carrier,NA,6,NA
124,64.5,Female,16,Non-carrier,NA,8,0.108994442
125,64.7,Female,18,Carrier,NA,0,0.106641138
125,64.7,Female,18,Carrier,NA,2,0.106757629
125,64.7,Female,18,Carrier,NA,4,0.112118455
125,64.7,Female,18,Carrier,NA,6,0.107412383
125,64.7,Female,18,Carrier,NA,8,NA
126,67.1,Female,20,Non-carrier,NA,0,0.110768749
126,67.1,Female,20,Non-carrier,NA,2,0.10899961
126,67.1,Female,20,Non-carrier,NA,4,0.110787402
126,67.1,Female,20,Non-carrier,NA,6,0.10550369
126,67.1,Female,20,Non-carrier,NA,8,0.111256569
127,64.8,Male,16,Non-carrier,NA,0,0.112047183
127,64.8,Male,16,Non-carrier,NA,2,0.105310088
127,64.8,Male,16,Non-carrier,NA,4,0.109286554
127,64.8,Male,16,Non-carrier,NA,6,0.109626315
127,64.8,Male,16,Non-carrier,NA,8,0.11433579
128,64.9,Male,12,Non-carrier,NA,0,0.112333877
128,64.9,Male,12,Non-carrier,NA,2,0.108568217
128,64.9,Male,12,Non-carrier,NA,4,0.110533413
128,64.9,Male,12,Non-carrier,NA,6,0.108530887
128,64.9,Male,12,Non-carrier,NA,8,0.106439307
129,63,Male,16,Non-carrier,NA,0,0.111652233
129,63,Male,16,Non-carrier,NA,2,0.108378745
129,63,Male,16,Non-carrier,NA,4,0.117970399
129,63,Male,16,Non-carrier,NA,6,NA
129,63,Male,16,Non-carrier,NA,8,0.11186096
130,64,Male,18,Carrier,NA,0,0.106989065
130,64,Male,18,Carrier,NA,2,NA
130,64,Male,18,Carrier,NA,4,0.109311089
130,64,Male,18,Carrier,NA,6,0.105528678
130,64,Male,18,Carrier,NA,8,0.106655128
131,65.2,Female,12,Non-carrier,NA,0,0.110405798
131,65.2,Female,12,Non-carrier,NA,2,0.113509815
131,65.2,Female,12,Non-carrier,NA,4,0.109604924
131,65.2,Female,12,Non-carrier,NA,6,0.111704822
131,65.2,Female,12,Non-carrier,NA,8,0.110250155
132,63.2,Male,16,Carrier,66,0,0.10908984
132,63.2,Male,16,Carrier,66,2,0.108979186
132,63.2,Male,16,Carrier,66,4,0.106198191
132,63.2,Male,16,Carrier,66,6,0.105698988
132,63.2,Male,16,Carrier,66,8,0.102579378
133,66.6,Male,18,Non-carrier,NA,0,0.110993066
133,66.6,Male,18,Non-carrier,NA,2,0.110460449
133,66.6,Male,18,Non-carrier,NA,4,0.110122531
133,66.6,Male,18,Non-carrier,NA,6,0.115577617
133,66.6,Male,18,Non-carrier,NA,8,0.109602344
134,60.4,Male,16,Carrier,NA,0,0.107447162
134,60.4,Male,16,Carrier,NA,2,0.112071846
134,60.4,Male,16,Carrier,NA,4,0.108722076
134,60.4,Male,16,Carrier,NA,6,0.111803485
134,60.4,Male,16,Carrier,NA,8,0.108162058
135,65.9,Male,16,Non-carrier,NA,0,0.115837765
135,65.9,Male,16,Non-carrier,NA,2,0.111465011
135,65.9,Male,16,Non-carrier,NA,4,0.109640025
135,65.9,Male,16,Non-carrier,NA,6,0.114620782
135,65.9,Male,16,Non-carrier,NA,8,Na
136,60.4,Male,16,Non-carrier,NA,0,0.115013925
136,60.4,Male,16,Non-carrier,NA,2,0.111166502
136,60.4,Male,16,Non-carrier,NA,4,0.115401195
136,60.4,Male,16,Non-carrier,NA,6,0.112998492
136,60.4,Male,16,Non-carrier,NA,8,0.110384898
137,64.1,Male,16,Non-carrier,NA,0,0.11193317
137,64.1,Male,16,Non-carrier,NA,2,0.114117575
137,64.1,Male,16,Non-carrier,NA,4,0.109088028
137,64.1,Male,16,Non-carrier,NA,6,0.109061272
137,64.1,Male,16,Non-carrier,NA,8,0.111009139
138,63.4,Female,16,Carrier,NA,0,0.110229076
138,63.4,Female,16,Carrier,NA,2,0.104298316
138,63.4,Female,16,Carrier,NA,4,0.10770547
138,63.4,Female,16,Carrier,NA,6,0.104200884
138,63.4,Female,16,Carrier,NA,8,0.104660178
139,63,Female,18,Non-carrier,NA,0,0.115008273
139,63,Female,18,Non-carrier,NA,2,0.113611653
139,63,Female,18,Non-carrier,NA,4,0.110264797
139,63,Female,18,Non-carrier,NA,6,0.107995736
139,63,Female,18,Non-carrier,NA,8,0.110052978
140,64.8,Male,16,Non-carrier,NA,0,0.116166175
140,64.8,Male,16,Non-carrier,NA,2,NA
140,64.8,Male,16,Non-carrier,NA,4,0.112098521
140,64.8,Male,16,Non-carrier,NA,6,0.110705025
140,64.8,Male,16,Non-carrier,NA,8,0.112229408
141,59.3,Male,16,Carrier,NA,0,0.11309114
141,59.3,Male,16,Carrier,NA,2,0.112172823
141,59.3,Male,16,Carrier,NA,4,0.108161214
141,59.3,Male,16,Carrier,NA,6,0.103344036
141,59.3,Male,16,Carrier,NA,8,0.107180501
142,68.5,Male,18,Non-carrier,NA,0,0.11423289
142,68.5,Male,18,Non-carrier,NA,2,0.110216812
142,68.5,Male,18,Non-carrier,NA,4,0.108580769
142,68.5,Male,18,Non-carrier,NA,6,0.10495667
142,68.5,Male,18,Non-carrier,NA,8,0.10735787
143,60,Female,20,Non-carrier,NA,0,0.1112291
143,60,Female,20,Non-carrier,NA,2,0.111009934
143,60,Female,20,Non-carrier,NA,4,0.11188745
143,60,Female,20,Non-carrier,NA,6,0.110505947
143,60,Female,20,Non-carrier,NA,8,0.113182982
144,63.6,Male,16,Non-carrier,NA,0,0.10947315
144,63.6,Male,16,Non-carrier,NA,2,0.108971442
144,63.6,Male,16,Non-carrier,NA,4,0.109181603
144,63.6,Male,16,Non-carrier,NA,6,0.110871641
144,63.6,Male,16,Non-carrier,NA,8,0.115172267
145,61.7,Female,18,Non-carrier,NA,0,0.115590182
145,61.7,Female,18,Non-carrier,NA,2,0.110950889
145,61.7,Female,18,Non-carrier,NA,4,0.109407603
145,61.7,Female,18,Non-carrier,NA,6,0.113288423
145,61.7,Female,18,Non-carrier,NA,8,0.110477904
146,62.7,Female,16,Non-carrier,66.7,0,0.111194981
146,62.7,Female,16,Non-carrier,66.7,2,0.111374948
146,62.7,Female,16,Non-carrier,66.7,4,0.113454429
146,62.7,Female,16,Non-carrier,66.7,6,0.109239435
146,62.7,Female,16,Non-carrier,66.7,8,0.108603552
147,71.3,Male,16,Non-carrier,NA,0,0.112108085
147,71.3,Male,16,Non-carrier,NA,2,0.108528459
147,71.3,Male,16,Non-carrier,NA,4,0.104723614
147,71.3,Male,16,Non-carrier,NA,6,NA
147,71.3,Male,16,Non-carrier,NA,8,0.110421066
148,65.1,Male,16,Non-carrier,NA,0,0.112054084
148,65.1,Male,16,Non-carrier,NA,2,0.113265604
148,65.1,Male,16,Non-carrier,NA,4,0.109892049
148,65.1,Male,16,Non-carrier,NA,6,NA
148,65.1,Male,16,Non-carrier,NA,8,0.11074136
149,61.1,Female,16,Carrier,68.9,0,0.108500622
149,61.1,Female,16,Carrier,68.9,2,0.110531747
149,61.1,Female,16,Carrier,68.9,4,0.110113935
149,61.1,Female,16,Carrier,68.9,6,0.106510401
149,61.1,Female,16,Carrier,68.9,8,0.106897608
150,60.1,Male,12,Non-carrier,NA,0,0.116264805
150,60.1,Male,12,Non-carrier,NA,2,0.116821506
150,60.1,Male,12,Non-carrier,NA,4,0.111890244
150,60.1,Male,12,Non-carrier,NA,6,0.111029241
150,60.1,Male,12,Non-carrier,NA,8,0.110733996
151,66.4,Female,16,Non-carrier,NA,0,0.113608163
151,66.4,Female,16,Non-carrier,NA,2,0.108580916
151,66.4,Female,16,Non-carrier,NA,4,NA
151,66.4,Female,16,Non-carrier,NA,6,0.108361232
151,66.4,Female,16,Non-carrier,NA,8,0.105491237
152,64.9,Male,16,Non-carrier,NA,0,0.111559953
152,64.9,Male,16,Non-carrier,NA,2,0.11094917
152,64.9,Male,16,Non-carrier,NA,4,0.111302618
152,64.9,Male,16,Non-carrier,NA,6,0.112019038
152,64.9,Male,16,Non-carrier,NA,8,0.113345844
153,64,Female,16,Non-carrier,NA,0,0.113520275
153,64,Female,16,Non-carrier,NA,2,NA
153,64,Female,16,Non-carrier,NA,4,0.113732454
153,64,Female,16,Non-carrier,NA,6,0.111485554
153,64,Female,16,Non-carrier,NA,8,0.109185341
154,62.2,Female,16,Non-carrier,NA,0,0.115357541
154,62.2,Female,16,Non-carrier,NA,2,0.112842522
154,62.2,Female,16,Non-carrier,NA,4,0.110617021
154,62.2,Female,16,Non-carrier,NA,6,0.109017525
154,62.2,Female,16,Non-carrier,NA,8,0.111596206
155,60.5,Female,12,Non-carrier,NA,0,0.107989299
155,60.5,Female,12,Non-carrier,NA,2,0.111849869
155,60.5,Female,12,Non-carrier,NA,4,0.109039806
155,60.5,Female,12,Non-carrier,NA,6,0.106468902
155,60.5,Female,12,Non-carrier,NA,8,0.110687157
156,61.8,Male,18,Non-carrier,NA,0,0.11327259
156,61.8,Male,18,Non-carrier,NA,2,0.108405018
156,61.8,Male,18,Non-carrier,NA,4,0.111582218
156,61.8,Male,18,Non-carrier,NA,6,0.112479152
156,61.8,Male,18,Non-carrier,NA,8,0.112304393
157,68,Male,16,Carrier,NA,0,0.108814316
157,68,Male,16,Carrier,NA,2,0.109086169
157,68,Male,16,Carrier,NA,4,0.107297502
157,68,Male,16,Carrier,NA,6,0.107029454
157,68,Male,16,Carrier,NA,8,0.105370984
158,63.1,Male,18,Non-carrier,NA,0,0.110799627
158,63.1,Male,18,Non-carrier,NA,2,0.11301348
158,63.1,Male,18,Non-carrier,NA,4,0.113852777
158,63.1,Male,18,Non-carrier,NA,6,0.116274526
158,63.1,Male,18,Non-carrier,NA,8,0.109467369
159,60.8,Male,16,Non-carrier,NA,0,0.113930694
159,60.8,Male,16,Non-carrier,NA,2,0.108507079
159,60.8,Male,16,Non-carrier,NA,4,0.110776315
159,60.8,Male,16,Non-carrier,NA,6,0.11479313
159,60.8,Male,16,Non-carrier,NA,8,0.110638546
160,70.6,Male,16,Non-carrier,NA,0,0.111869498
160,70.6,Male,16,Non-carrier,NA,2,0.111419715
160,70.6,Male,16,Non-carrier,NA,4,0.107228577
160,70.6,Male,16,Non-carrier,NA,6,NA
160,70.6,Male,16,Non-carrier,NA,8,0.10848435
161,66.3,Male,16,Carrier,NA,0,0.108052962
161,66.3,Male,16,Carrier,NA,2,0.108523882
161,66.3,Male,16,Carrier,NA,4,0.106035669
161,66.3,Male,16,Carrier,NA,6,0.104354121
161,66.3,Male,16,Carrier,NA,8,0.107276016
162,64.3,Male,16,Carrier,NA,0,0.112475302
162,64.3,Male,16,Carrier,NA,2,0.109124332
162,64.3,Male,16,Carrier,NA,4,0.10792853
162,64.3,Male,16,Carrier,NA,6,NA
162,64.3,Male,16,Carrier,NA,8,0.109852207
163,68.2,Female,12,Non-carrier,NA,0,0.112747999
163,68.2,Female,12,Non-carrier,NA,2,0.112757952
163,68.2,Female,12,Non-carrier,NA,4,0.110345673
163,68.2,Female,12,Non-carrier,NA,6,NA
163,68.2,Female,12,Non-carrier,NA,8,NA
164,67.7,Male,16,Non-carrier,NA,0,0.112159516
164,67.7,Male,16,Non-carrier,NA,2,0.108272686
164,67.7,Male,16,Non-carrier,NA,4,0.115087294
164,67.7,Male,16,Non-carrier,NA,6,0.10709817
164,67.7,Male,16,Non-carrier,NA,8,0.111019004
165,63.1,Female,20,Non-carrier,NA,0,0.109260703
165,63.1,Female,20,Non-carrier,NA,2,0.109352691
165,63.1,Female,20,Non-carrier,NA,4,0.109101327
165,63.1,Female,20,Non-carrier,NA,6,0.107393766
165,63.1,Female,20,Non-carrier,NA,8,0.109186068
166,71.6,Male,12,Carrier,74.2,0,0.105211298
166,71.6,Male,12,Carrier,74.2,2,0.106707617
166,71.6,Male,12,Carrier,74.2,4,0.10962918
166,71.6,Male,12,Carrier,74.2,6,NA
166,71.6,Male,12,Carrier,74.2,8,0.099377278
167,64.2,Female,16,Non-carrier,NA,0,0.112697767
167,64.2,Female,16,Non-carrier,NA,2,0.111124248
167,64.2,Female,16,Non-carrier,NA,4,NA
167,64.2,Female,16,Non-carrier,NA,6,0.110748097
167,64.2,Female,16,Non-carrier,NA,8,0.108417124
168,60.7,Male,16,Non-carrier,NA,0,0.111097239
168,60.7,Male,16,Non-carrier,NA,2,0.113362548
168,60.7,Male,16,Non-carrier,NA,4,0.115290461
168,60.7,Male,16,Non-carrier,NA,6,0.109922399
168,60.7,Male,16,Non-carrier,NA,8,0.109546537
169,64.6,Female,16,Non-carrier,NA,0,0.113709367
169,64.6,Female,16,Non-carrier,NA,2,0.112876095
169,64.6,Female,16,Non-carrier,NA,4,0.109526265
169,64.6,Female,16,Non-carrier,NA,6,0.108440872
169,64.6,Female,16,Non-carrier,NA,8,0.108258147
170,65.6,Male,16,Non-carrier,70.7,0,0.11478716
170,65.6,Male,16,Non-carrier,70.7,2,0.111734748
170,65.6,Male,16,Non-carrier,70.7,4,0.111511576
170,65.6,Male,16,Non-carrier,70.7,6,0.113622709
170,65.6,Male,16,Non-carrier,70.7,8,0.11056932
171,71.9,Female,20,Non-carrier,NA,0,0.111764745
171,71.9,Female,20,Non-carrier,NA,2,NA
171,71.9,Female,20,Non-carrier,NA,4,0.107103936
171,71.9,Female,20,Non-carrier,NA,6,0.10691259
171,71.9,Female,20,Non-carrier,NA,8,0.106847156
172,65.3,Female,20,Non-carrier,NA,0,0.112279065
172,65.3,Female,20,Non-carrier,NA,2,0.109488967
172,65.3,Female,20,Non-carrier,NA,4,NA
172,65.3,Female,20,Non-carrier,NA,6,0.107735874
172,65.3,Female,20,Non-carrier,NA,8,0.109390607
173,66.4,Male,12,Carrier,NA,0,0.10665628
173,66.4,Male,12,Carrier,NA,2,0.107544877
173,66.4,Male,12,Carrier,NA,4,0.110430503
173,66.4,Male,12,Carrier,NA,6,0.106024565
173,66.4,Male,12,Carrier,NA,8,NA
174,64.8,Male,16,Non-carrier,NA,0,0.113870695
174,64.8,Male,16,Non-carrier,NA,2,0.105367393
174,64.8,Male,16,Non-carrier,NA,4,0.111429822
174,64.8,Male,16,Non-carrier,NA,6,0.110995589
174,64.8,Male,16,Non-carrier,NA,8,0.115150942
175,64,Female,18,Non-carrier,NA,0,0.110447213
175,64,Female,18,Non-carrier,NA,2,0.109257868
175,64,Female,18,Non-carrier,NA,4,0.115522341
175,64,Female,18,Non-carrier,NA,6,0.110509351
175,64,Female,18,Non-carrier,NA,8,0.109031623
176,64.9,Male,18,Non-carrier,NA,0,0.113669694
176,64.9,Male,18,Non-carrier,NA,2,0.110842203
176,64.9,Male,18,Non-carrier,NA,4,0.108509164
176,64.9,Male,18,Non-carrier,NA,6,0.112221473
176,64.9,Male,18,Non-carrier,NA,8,0.110039067
177,67.4,Female,16,Carrier,74.4,0,0.107080076
177,67.4,Female,16,Carrier,74.4,2,0.103880457
177,67.4,Female,16,Carrier,74.4,4,0.104338764
177,67.4,Female,16,Carrier,74.4,6,0.106399715
177,67.4,Female,16,Carrier,74.4,8,0.102465143
178,71.2,Female,20,Non-carrier,NA,0,0.110403961
178,71.2,Female,20,Non-carrier,NA,2,0.111385633
178,71.2,Female,20,Non-carrier,NA,4,0.110068277
178,71.2,Female,20,Non-carrier,NA,6,0.104541101
178,71.2,Female,20,Non-carrier,NA,8,0.106985618
180,68.6,Male,16,Non-carrier,NA,0,0.113806433
180,68.6,Male,16,Non-carrier,NA,2,NA
180,68.6,Male,16,Non-carrier,NA,4,0.114042045
180,68.6,Male,16,Non-carrier,NA,6,0.107161884
180,68.6,Male,16,Non-carrier,NA,8,0.107183292
181,61.3,Male,12,Carrier,NA,0,0.109548645
181,61.3,Male,12,Carrier,NA,2,0.111917541
181,61.3,Male,12,Carrier,NA,4,0.109278334
181,61.3,Male,12,Carrier,NA,6,0.11166621
181,61.3,Male,12,Carrier,NA,8,0.108968217
182,68,Male,18,Carrier,NA,0,0.108484174
182,68,Male,18,Carrier,NA,2,0.111536146
182,68,Male,18,Carrier,NA,4,0.107999137
182,68,Male,18,Carrier,NA,6,0.107726194
182,68,Male,18,Carrier,NA,8,0.105669413
183,65.7,Male,16,Carrier,NA,0,0.108565576
183,65.7,Male,16,Carrier,NA,2,0.106722774
183,65.7,Male,16,Carrier,NA,4,0.104901171
183,65.7,Male,16,Carrier,NA,6,0.106505678
183,65.7,Male,16,Carrier,NA,8,0.106399583
184,60.6,Male,20,Non-carrier,NA,0,0.118215335
184,60.6,Male,20,Non-carrier,NA,2,NA
184,60.6,Male,20,Non-carrier,NA,4,0.111813137
184,60.6,Male,20,Non-carrier,NA,6,0.114049341
184,60.6,Male,20,Non-carrier,NA,8,0.108880233
185,66.6,Female,12,Non-carrier,NA,0,0.111091191
185,66.6,Female,12,Non-carrier,NA,2,0.111206684
185,66.6,Female,12,Non-carrier,NA,4,0.105848361
185,66.6,Female,12,Non-carrier,NA,6,0.111476008
185,66.6,Female,12,Non-carrier,NA,8,0.106719007
186,64.5,Male,20,Carrier,69.5,0,0.105429887
186,64.5,Male,20,Carrier,69.5,2,NA
186,64.5,Male,20,Carrier,69.5,4,0.10383885
186,64.5,Male,20,Carrier,69.5,6,0.106167129
186,64.5,Male,20,Carrier,69.5,8,0.107530159
187,69.4,Male,16,Non-carrier,NA,0,0.109763067
187,69.4,Male,16,Non-carrier,NA,2,0.107664395
187,69.4,Male,16,Non-carrier,NA,4,0.108949405
187,69.4,Male,16,Non-carrier,NA,6,0.109036073
187,69.4,Male,16,Non-carrier,NA,8,NA
188,62.7,Female,12,Non-carrier,NA,0,0.11313781
188,62.7,Female,12,Non-carrier,NA,2,0.110913977
188,62.7,Female,12,Non-carrier,NA,4,0.110622844
188,62.7,Female,12,Non-carrier,NA,6,0.112630919
188,62.7,Female,12,Non-carrier,NA,8,0.11298672
189,63.7,Male,16,Non-carrier,NA,0,0.111063049
189,63.7,Male,16,Non-carrier,NA,2,0.113349902
189,63.7,Male,16,Non-carrier,NA,4,0.111611804
189,63.7,Male,16,Non-carrier,NA,6,0.113871913
189,63.7,Male,16,Non-carrier,NA,8,0.112309662
190,62.2,Male,12,Non-carrier,NA,0,0.11589442
190,62.2,Male,12,Non-carrier,NA,2,0.112072935
190,62.2,Male,12,Non-carrier,NA,4,NA
190,62.2,Male,12,Non-carrier,NA,6,0.112994382
190,62.2,Male,12,Non-carrier,NA,8,0.107960685
191,64.5,Female,16,Non-carrier,NA,0,0.109465952
191,64.5,Female,16,Non-carrier,NA,2,0.113946316
191,64.5,Female,16,Non-carrier,NA,4,0.109183966
191,64.5,Female,16,Non-carrier,NA,6,0.112456806
191,64.5,Female,16,Non-carrier,NA,8,0.110325377
192,66.2,Female,16,Carrier,NA,0,0.105397136
192,66.2,Female,16,Carrier,NA,2,0.105887324
192,66.2,Female,16,Carrier,NA,4,0.103669455
192,66.2,Female,16,Carrier,NA,6,0.106161333
192,66.2,Female,16,Carrier,NA,8,NA
193,62.8,Male,20,Carrier,NA,0,0.112570898
193,62.8,Male,20,Carrier,NA,2,0.109856279
193,62.8,Male,20,Carrier,NA,4,0.11034929
193,62.8,Male,20,Carrier,NA,6,0.107437412
193,62.8,Male,20,Carrier,NA,8,0.110393571
194,67.5,Female,16,Carrier,NA,0,0.107667466
194,67.5,Female,16,Carrier,NA,2,0.10454562
194,67.5,Female,16,Carrier,NA,4,0.105814679
194,67.5,Female,16,Carrier,NA,6,0.107261536
194,67.5,Female,16,Carrier,NA,8,0.101731113
195,61.4,Male,18,Carrier,NA,0,0.11018114
195,61.4,Male,18,Carrier,NA,2,0.107946141
195,61.4,Male,18,Carrier,NA,4,0.105704397
195,61.4,Male,18,Carrier,NA,6,0.113010336
195,61.4,Male,18,Carrier,NA,8,0.108083297
196,61.9,Female,16,Non-carrier,NA,0,0.113560672
196,61.9,Female,16,Non-carrier,NA,2,0.112007202
196,61.9,Female,16,Non-carrier,NA,4,0.107601041
196,61.9,Female,16,Non-carrier,NA,6,0.110555327
196,61.9,Female,16,Non-carrier,NA,8,0.112731537
197,69.3,Female,16,Non-carrier,NA,0,0.112997226
197,69.3,Female,16,Non-carrier,NA,2,NA
197,69.3,Female,16,Non-carrier,NA,4,0.111963376
197,69.3,Female,16,Non-carrier,NA,6,0.111256439
197,69.3,Female,16,Non-carrier,NA,8,0.109087119
198,62,Female,18,Non-carrier,NA,0,0.116171582
198,62,Female,18,Non-carrier,NA,2,0.113983608
198,62,Female,18,Non-carrier,NA,4,0.112201729
198,62,Female,18,Non-carrier,NA,6,0.106150358
198,62,Female,18,Non-carrier,NA,8,0.111221253
199,66.2,Male,18,Non-carrier,NA,0,0.112244767
199,66.2,Male,18,Non-carrier,NA,2,0.109552653
199,66.2,Male,18,Non-carrier,NA,4,0.110404571
199,66.2,Male,18,Non-carrier,NA,6,0.10790282
199,66.2,Male,18,Non-carrier,NA,8,0.112110757
200,63.9,Male,16,Non-carrier,NA,0,0.112462358
200,63.9,Male,16,Non-carrier,NA,2,0.109221298
200,63.9,Male,16,Non-carrier,NA,4,0.111819559
200,63.9,Male,16,Non-carrier,NA,6,0.10801035
200,63.9,Male,16,Non-carrier,NA,8,0.107276062
201,66.2,Male,18,Non-carrier,NA,0,0.108098798
201,66.2,Male,18,Non-carrier,NA,2,0.109902594
201,66.2,Male,18,Non-carrier,NA,4,NA
201,66.2,Male,18,Non-carrier,NA,6,0.112359508
201,66.2,Male,18,Non-carrier,NA,8,0.108116303
202,70.1,Female,18,Carrier,75.2,0,0.108924204
202,70.1,Female,18,Carrier,75.2,2,0.103006361
202,70.1,Female,18,Carrier,75.2,4,0.103228003
202,70.1,Female,18,Carrier,75.2,6,0.102029846
202,70.1,Female,18,Carrier,75.2,8,0.100056292
203,69.8,Female,18,Non-carrier,NA,0,0.108481607
203,69.8,Female,18,Non-carrier,NA,2,0.108858361
203,69.8,Female,18,Non-carrier,NA,4,NA
203,69.8,Female,18,Non-carrier,NA,6,0.107815484
203,69.8,Female,18,Non-carrier,NA,8,NA
204,64,Female,16,Non-carrier,NA,0,0.113843587
204,64,Female,16,Non-carrier,NA,2,0.107294914
204,64,Female,16,Non-carrier,NA,4,0.111010329
204,64,Female,16,Non-carrier,NA,6,0.107208468
204,64,Female,16,Non-carrier,NA,8,0.108662788
205,58.1,Female,16,Carrier,NA,0,0.110405326
205,58.1,Female,16,Carrier,NA,2,0.108214953
205,58.1,Female,16,Carrier,NA,4,0.107247746
205,58.1,Female,16,Carrier,NA,6,0.108624049
205,58.1,Female,16,Carrier,NA,8,0.107852263
206,72.5,Female,16,Non-carrier,NA,0,0.105185791
206,72.5,Female,16,Non-carrier,NA,2,0.106223307
206,72.5,Female,16,Non-carrier,NA,4,0.110413053
206,72.5,Female,16,Non-carrier,NA,6,0.105684222
206,72.5,Female,16,Non-carrier,NA,8,0.107486057
207,67,Female,16,Non-carrier,NA,0,0.110261676
207,67,Female,16,Non-carrier,NA,2,0.108526325
207,67,Female,16,Non-carrier,NA,4,0.109553088
207,67,Female,16,Non-carrier,NA,6,0.109083999
207,67,Female,16,Non-carrier,NA,8,0.109822586
208,66.6,Female,18,Non-carrier,NA,0,0.110355973
208,66.6,Female,18,Non-carrier,NA,2,0.108300166
208,66.6,Female,18,Non-carrier,NA,4,0.106700067
208,66.6,Female,18,Non-carrier,NA,6,0.103447275
208,66.6,Female,18,Non-carrier,NA,8,0.109363855
209,65,Male,16,Non-carrier,NA,0,0.112530533
209,65,Male,16,Non-carrier,NA,2,0.114170609
209,65,Male,16,Non-carrier,NA,4,0.110016151
209,65,Male,16,Non-carrier,NA,6,0.111912187
209,65,Male,16,Non-carrier,NA,8,0.110882342
210,66.5,Female,16,Non-carrier,NA,0,0.108214487
210,66.5,Female,16,Non-carrier,NA,2,0.110188868
210,66.5,Female,16,Non-carrier,NA,4,0.113068347
210,66.5,Female,16,Non-carrier,NA,6,0.106739447
210,66.5,Female,16,Non-carrier,NA,8,0.108359644
211,64.5,Male,16,Non-carrier,NA,0,0.114137467
211,64.5,Male,16,Non-carrier,NA,2,0.111451901
211,64.5,Male,16,Non-carrier,NA,4,0.11297526
211,64.5,Male,16,Non-carrier,NA,6,0.111840845
211,64.5,Male,16,Non-carrier,NA,8,0.108153563
212,66.3,Female,16,Carrier,NA,0,0.107937409
212,66.3,Female,16,Carrier,NA,2,0.10639588
212,66.3,Female,16,Carrier,NA,4,0.10736014
212,66.3,Female,16,Carrier,NA,6,0.103412602
212,66.3,Female,16,Carrier,NA,8,0.104867625
213,63.8,Male,16,Non-carrier,NA,0,0.11299686
213,63.8,Male,16,Non-carrier,NA,2,0.112907947
213,63.8,Male,16,Non-carrier,NA,4,0.111936644
213,63.8,Male,16,Non-carrier,NA,6,0.108544438
213,63.8,Male,16,Non-carrier,NA,8,0.108081178
214,60.9,Male,16,Non-carrier,NA,0,0.112598517
214,60.9,Male,16,Non-carrier,NA,2,0.110321332
214,60.9,Male,16,Non-carrier,NA,4,0.117071872
214,60.9,Male,16,Non-carrier,NA,6,0.111997771
214,60.9,Male,16,Non-carrier,NA,8,0.110278987
215,68,Male,16,Non-carrier,NA,0,0.111034389
215,68,Male,16,Non-carrier,NA,2,0.109935172
215,68,Male,16,Non-carrier,NA,4,0.109941957
215,68,Male,16,Non-carrier,NA,6,0.109059002
215,68,Male,16,Non-carrier,NA,8,0.107458997
216,69.6,Female,12,Non-carrier,NA,0,0.109018937
216,69.6,Female,12,Non-carrier,NA,2,NA
216,69.6,Female,12,Non-carrier,NA,4,0.106771338
216,69.6,Female,12,Non-carrier,NA,6,0.109148607
216,69.6,Female,12,Non-carrier,NA,8,0.106092654
217,64.1,Female,16,Non-carrier,NA,0,0.114991488
217,64.1,Female,16,Non-carrier,NA,2,0.111271838
217,64.1,Female,16,Non-carrier,NA,4,0.112281329
217,64.1,Female,16,Non-carrier,NA,6,0.108625478
217,64.1,Female,16,Non-carrier,NA,8,0.104229652
218,61.2,Male,16,Non-carrier,65.9,0,0.11380286
218,61.2,Male,16,Non-carrier,65.9,2,0.115676631
218,61.2,Male,16,Non-carrier,65.9,4,0.112240869
218,61.2,Male,16,Non-carrier,65.9,6,0.110319531
218,61.2,Male,16,Non-carrier,65.9,8,0.110548777
219,66.9,Female,16,Carrier,NA,0,0.107481863
219,66.9,Female,16,Carrier,NA,2,0.10477106
219,66.9,Female,16,Carrier,NA,4,0.109749603
219,66.9,Female,16,Carrier,NA,6,0.105062348
219,66.9,Female,16,Carrier,NA,8,0.101766786
220,64.9,Male,16,Non-carrier,NA,0,0.109545897
220,64.9,Male,16,Non-carrier,NA,2,0.113029162
220,64.9,Male,16,Non-carrier,NA,4,0.114310737
220,64.9,Male,16,Non-carrier,NA,6,NA
220,64.9,Male,16,Non-carrier,NA,8,0.1098184
221,59.8,Female,18,Non-carrier,NA,0,0.115256723
221,59.8,Female,18,Non-carrier,NA,2,0.114218397
221,59.8,Female,18,Non-carrier,NA,4,0.111954677
221,59.8,Female,18,Non-carrier,NA,6,0.111164524
221,59.8,Female,18,Non-carrier,NA,8,0.113910429
222,65,Male,16,Non-carrier,NA,0,0.10719587
222,65,Male,16,Non-carrier,NA,2,0.112179679
222,65,Male,16,Non-carrier,NA,4,Na
222,65,Male,16,Non-carrier,NA,6,0.106680502
222,65,Male,16,Non-carrier,NA,8,0.108297104
223,63.1,Female,20,Carrier,NA,0,0.108381993
223,63.1,Female,20,Carrier,NA,2,0.107049412
223,63.1,Female,20,Carrier,NA,4,0.10952307
223,63.1,Female,20,Carrier,NA,6,0.108223636
223,63.1,Female,20,Carrier,NA,8,0.103776878
224,64,Female,12,Non-carrier,NA,0,0.112909545
224,64,Female,12,Non-carrier,NA,2,0.112770958
224,64,Female,12,Non-carrier,NA,4,0.107760535
224,64,Female,12,Non-carrier,NA,6,0.10915948
224,64,Female,12,Non-carrier,NA,8,0.112712093
225,61.5,Male,16,Non-carrier,NA,0,0.114814304
225,61.5,Male,16,Non-carrier,NA,2,0.115060301
225,61.5,Male,16,Non-carrier,NA,4,0.116324032
225,61.5,Male,16,Non-carrier,NA,6,0.111921308
225,61.5,Male,16,Non-carrier,NA,8,0.111561345
226,70.4,Male,16,Non-carrier,75.4,0,0.113086843
226,70.4,Male,16,Non-carrier,75.4,2,0.110028856
226,70.4,Male,16,Non-carrier,75.4,4,0.110193695
226,70.4,Male,16,Non-carrier,75.4,6,0.107221396
226,70.4,Male,16,Non-carrier,75.4,8,0.105330637
227,64,Male,16,Carrier,NA,0,0.109379357
227,64,Male,16,Carrier,NA,2,NA
227,64,Male,16,Carrier,NA,4,0.109891454
227,64,Male,16,Carrier,NA,6,0.106144773
227,64,Male,16,Carrier,NA,8,0.105230652
228,60.2,Male,12,Non-carrier,NA,0,0.112070123
228,60.2,Male,12,Non-carrier,NA,2,0.116015774
228,60.2,Male,12,Non-carrier,NA,4,0.111885804
228,60.2,Male,12,Non-carrier,NA,6,0.110751579
228,60.2,Male,12,Non-carrier,NA,8,0.111124896
229,65.6,Female,18,Non-carrier,70.9,0,0.110090355
229,65.6,Female,18,Non-carrier,70.9,2,0.114248533
229,65.6,Female,18,Non-carrier,70.9,4,0.111349647
229,65.6,Female,18,Non-carrier,70.9,6,0.107372297
229,65.6,Female,18,Non-carrier,70.9,8,0.108299128
230,65.8,Female,20,Carrier,70.8,0,0.108365352
230,65.8,Female,20,Carrier,70.8,2,NA
230,65.8,Female,20,Carrier,70.8,4,0.105863778
230,65.8,Female,20,Carrier,70.8,6,0.107323444
230,65.8,Female,20,Carrier,70.8,8,0.106788809
231,62,Male,12,Carrier,NA,0,0.11458089
231,62,Male,12,Carrier,NA,2,0.109402445
231,62,Male,12,Carrier,NA,4,NA
231,62,Male,12,Carrier,NA,6,0.110877524
231,62,Male,12,Carrier,NA,8,0.108144787
232,56.3,Male,16,Non-carrier,NA,0,0.11595142
232,56.3,Male,16,Non-carrier,NA,2,NA
232,56.3,Male,16,Non-carrier,NA,4,0.116115676
232,56.3,Male,16,Non-carrier,NA,6,0.113432231
232,56.3,Male,16,Non-carrier,NA,8,0.109090531
233,63.1,Male,16,Non-carrier,NA,0,0.112893833
233,63.1,Male,16,Non-carrier,NA,2,0.115013335
233,63.1,Male,16,Non-carrier,NA,4,0.110634459
233,63.1,Male,16,Non-carrier,NA,6,0.106090678
233,63.1,Male,16,Non-carrier,NA,8,0.111046544
235,64.8,Male,16,Non-carrier,NA,0,0.11137802
235,64.8,Male,16,Non-carrier,NA,2,0.111378396
235,64.8,Male,16,Non-carrier,NA,4,0.109979911
235,64.8,Male,16,Non-carrier,NA,6,0.109572352
235,64.8,Male,16,Non-carrier,NA,8,0.108636003
236,64.7,Female,18,Non-carrier,NA,0,0.11558541
236,64.7,Female,18,Non-carrier,NA,2,NA
236,64.7,Female,18,Non-carrier,NA,4,0.110800328
236,64.7,Female,18,Non-carrier,NA,6,0.113297202
236,64.7,Female,18,Non-carrier,NA,8,0.10689018
237,66.7,Male,16,Non-carrier,NA,0,0.113196582
237,66.7,Male,16,Non-carrier,NA,2,0.10900657
237,66.7,Male,16,Non-carrier,NA,4,0.10950988
237,66.7,Male,16,Non-carrier,NA,6,0.111039211
237,66.7,Male,16,Non-carrier,NA,8,0.108035247
238,61.4,Male,16,Non-carrier,NA,0,0.112606834
238,61.4,Male,16,Non-carrier,NA,2,0.116397819
238,61.4,Male,16,Non-carrier,NA,4,0.115982548
238,61.4,Male,16,Non-carrier,NA,6,0.110050338
238,61.4,Male,16,Non-carrier,NA,8,0.110917812
239,68.3,Male,16,Non-carrier,NA,0,0.113600797
239,68.3,Male,16,Non-carrier,NA,2,0.106647566
239,68.3,Male,16,Non-carrier,NA,4,0.109082952
239,68.3,Male,16,Non-carrier,NA,6,0.111450092
239,68.3,Male,16,Non-carrier,NA,8,0.109565108
240,65,Female,16,Carrier,NA,0,0.107417229
240,65,Female,16,Carrier,NA,2,0.105284921
240,65,Female,16,Carrier,NA,4,0.108521814
240,65,Female,16,Carrier,NA,6,0.109283827
240,65,Female,16,Carrier,NA,8,NA
241,67.1,Male,12,Non-carrier,NA,0,0.110868908
241,67.1,Male,12,Non-carrier,NA,2,0.11549979
241,67.1,Male,12,Non-carrier,NA,4,0.111514495
241,67.1,Male,12,Non-carrier,NA,6,0.109334647
241,67.1,Male,12,Non-carrier,NA,8,0.106597782
242,68.1,Male,12,Non-carrier,75.6,0,0.110615293
242,68.1,Male,12,Non-carrier,75.6,2,0.112466023
242,68.1,Male,12,Non-carrier,75.6,4,0.110543716
242,68.1,Male,12,Non-carrier,75.6,6,0.108457735
242,68.1,Male,12,Non-carrier,75.6,8,0.106649029
243,65.7,Male,18,Non-carrier,NA,0,0.112000253
243,65.7,Male,18,Non-carrier,NA,2,0.108916554
243,65.7,Male,18,Non-carrier,NA,4,0.116997515
243,65.7,Male,18,Non-carrier,NA,6,0.113761549
243,65.7,Male,18,Non-carrier,NA,8,0.111077001
244,62.4,Male,16,Non-carrier,NA,0,0.113622725
244,62.4,Male,16,Non-carrier,NA,2,0.111634374
244,62.4,Male,16,Non-carrier,NA,4,0.116219419
244,62.4,Male,16,Non-carrier,NA,6,0.108497527
244,62.4,Male,16,Non-carrier,NA,8,NA
245,68.5,Female,16,Non-carrier,NA,0,0.110709106
245,68.5,Female,16,Non-carrier,NA,2,0.111442223
245,68.5,Female,16,Non-carrier,NA,4,NA
245,68.5,Female,16,Non-carrier,NA,6,0.108201473
245,68.5,Female,16,Non-carrier,NA,8,NA
246,59,Female,16,Non-carrier,NA,0,0.107236319
246,59,Female,16,Non-carrier,NA,2,NA
246,59,Female,16,Non-carrier,NA,4,0.113907651
246,59,Female,16,Non-carrier,NA,6,0.116341044
246,59,Female,16,Non-carrier,NA,8,0.108183992
247,63.4,Female,16,Non-carrier,NA,0,0.112413078
247,63.4,Female,16,Non-carrier,NA,2,0.111275404
247,63.4,Female,16,Non-carrier,NA,4,0.113651628
247,63.4,Female,16,Non-carrier,NA,6,0.109358363
247,63.4,Female,16,Non-carrier,NA,8,0.109229675
248,64.2,Female,20,Non-carrier,NA,0,0.109496789
248,64.2,Female,20,Non-carrier,NA,2,0.110915407
248,64.2,Female,20,Non-carrier,NA,4,0.107768124
248,64.2,Female,20,Non-carrier,NA,6,0.109290972
248,64.2,Female,20,Non-carrier,NA,8,0.107677523
249,64.5,Female,16,Carrier,68.4,0,0.107875226
249,64.5,Female,16,Carrier,68.4,2,0.106120934
249,64.5,Female,16,Carrier,68.4,4,0.110522028
249,64.5,Female,16,Carrier,68.4,6,0.10443051
249,64.5,Female,16,Carrier,68.4,8,0.104297366
250,68.1,Male,16,Carrier,74.5,0,0.107287702
250,68.1,Male,16,Carrier,74.5,2,0.109043837
250,68.1,Male,16,Carrier,74.5,4,0.109596383
250,68.1,Male,16,Carrier,74.5,6,0.105458715
250,68.1,Male,16,Carrier,74.5,8,0.10294026
251,65.4,Male,16,Non-carrier,NA,0,0.113267198
251,65.4,Male,16,Non-carrier,NA,2,0.112860254
251,65.4,Male,16,Non-carrier,NA,4,0.110199541
251,65.4,Male,16,Non-carrier,NA,6,0.111853532
251,65.4,Male,16,Non-carrier,NA,8,0.110125816
252,66.2,Male,16,Carrier,69.6,0,0.106002663
252,66.2,Male,16,Carrier,69.6,2,0.109438988
252,66.2,Male,16,Carrier,69.6,4,0.104734598
252,66.2,Male,16,Carrier,69.6,6,0.108832219
252,66.2,Male,16,Carrier,69.6,8,0.105513741
253,64.8,Female,16,Non-carrier,NA,0,0.115134627
253,64.8,Female,16,Non-carrier,NA,2,0.110547291
253,64.8,Female,16,Non-carrier,NA,4,0.106714243
253,64.8,Female,16,Non-carrier,NA,6,0.106435844
253,64.8,Female,16,Non-carrier,NA,8,0.111616836
254,64.3,Female,16,Non-carrier,NA,0,0.110245956
254,64.3,Female,16,Non-carrier,NA,2,0.108772293
254,64.3,Female,16,Non-carrier,NA,4,0.110930495
254,64.3,Female,16,Non-carrier,NA,6,0.109040278
254,64.3,Female,16,Non-carrier,NA,8,0.106643493
255,67.1,Male,20,Non-carrier,NA,0,0.106253475
255,67.1,Male,20,Non-carrier,NA,2,0.110105251
255,67.1,Male,20,Non-carrier,NA,4,0.111223702
255,67.1,Male,20,Non-carrier,NA,6,0.109013934
255,67.1,Male,20,Non-carrier,NA,8,0.108802433
256,68.4,Male,16,Non-carrier,NA,0,0.110333058
256,68.4,Male,16,Non-carrier,NA,2,0.111191436
256,68.4,Male,16,Non-carrier,NA,4,0.111561994
256,68.4,Male,16,Non-carrier,NA,6,0.112290273
256,68.4,Male,16,Non-carrier,NA,8,0.105329408
257,57.8,Male,18,Non-carrier,NA,0,0.11543654
257,57.8,Male,18,Non-carrier,NA,2,0.113668756
257,57.8,Male,18,Non-carrier,NA,4,0.115979489
257,57.8,Male,18,Non-carrier,NA,6,0.118015523
257,57.8,Male,18,Non-carrier,NA,8,0.112190486
258,66.7,Male,16,Non-carrier,NA,0,0.112868713
258,66.7,Male,16,Non-carrier,NA,2,0.113611195
258,66.7,Male,16,Non-carrier,NA,4,0.113987558
258,66.7,Male,16,Non-carrier,NA,6,0.112578082
258,66.7,Male,16,Non-carrier,NA,8,NA
259,66.1,Female,16,Non-carrier,NA,0,0.108453633
259,66.1,Female,16,Non-carrier,NA,2,0.109658783
259,66.1,Female,16,Non-carrier,NA,4,0.113913322
259,66.1,Female,16,Non-carrier,NA,6,0.10932139
259,66.1,Female,16,Non-carrier,NA,8,NA
260,63.7,Male,18,Carrier,NA,0,0.109796797
260,63.7,Male,18,Carrier,NA,2,0.110224005
260,63.7,Male,18,Carrier,NA,4,NA
260,63.7,Male,18,Carrier,NA,6,0.109814774
260,63.7,Male,18,Carrier,NA,8,0.102045489
261,67.9,Male,16,Carrier,NA,0,0.103748954
261,67.9,Male,16,Carrier,NA,2,0.107379199
261,67.9,Male,16,Carrier,NA,4,0.108546849
261,67.9,Male,16,Carrier,NA,6,0.102970337
261,67.9,Male,16,Carrier,NA,8,0.107146837
262,63.8,Female,16,Non-carrier,NA,0,0.109446465
262,63.8,Female,16,Non-carrier,NA,2,0.111668885
262,63.8,Female,16,Non-carrier,NA,4,0.110423346
262,63.8,Female,16,Non-carrier,NA,6,0.107215863
262,63.8,Female,16,Non-carrier,NA,8,0.112984185
263,64.1,Male,18,Non-carrier,NA,0,0.114413693
263,64.1,Male,18,Non-carrier,NA,2,0.118711732
263,64.1,Male,18,Non-carrier,NA,4,0.113048282
263,64.1,Male,18,Non-carrier,NA,6,0.110042851
263,64.1,Male,18,Non-carrier,NA,8,0.109820332
264,67.6,Female,16,Non-carrier,NA,0,0.109290417
264,67.6,Female,16,Non-carrier,NA,2,0.107052575
264,67.6,Female,16,Non-carrier,NA,4,0.104537415
264,67.6,Female,16,Non-carrier,NA,6,0.108523479
264,67.6,Female,16,Non-carrier,NA,8,0.111256162
265,70.2,Male,16,Non-carrier,NA,0,0.111600682
265,70.2,Male,16,Non-carrier,NA,2,0.109383354
265,70.2,Male,16,Non-carrier,NA,4,0.111160149
265,70.2,Male,16,Non-carrier,NA,6,0.109172259
265,70.2,Male,16,Non-carrier,NA,8,0.109381538
266,65.8,Male,16,Non-carrier,NA,0,0.11336981
266,65.8,Male,16,Non-carrier,NA,2,0.111157775
266,65.8,Male,16,Non-carrier,NA,4,0.113202621
266,65.8,Male,16,Non-carrier,NA,6,0.110916573
266,65.8,Male,16,Non-carrier,NA,8,0.106187184
267,63.7,Male,16,Non-carrier,NA,0,0.114340797
267,63.7,Male,16,Non-carrier,NA,2,0.116760903
267,63.7,Male,16,Non-carrier,NA,4,0.112249598
267,63.7,Male,16,Non-carrier,NA,6,0.115404869
267,63.7,Male,16,Non-carrier,NA,8,0.111303622
269,64,Male,20,Non-carrier,NA,0,0.110360136
269,64,Male,20,Non-carrier,NA,2,0.108676655
269,64,Male,20,Non-carrier,NA,4,0.111362252
269,64,Male,20,Non-carrier,NA,6,0.109486086
269,64,Male,20,Non-carrier,NA,8,0.115596082
270,62.2,Male,16,Carrier,NA,0,0.11031577
270,62.2,Male,16,Carrier,NA,2,NA
270,62.2,Male,16,Carrier,NA,4,0.109834068
270,62.2,Male,16,Carrier,NA,6,0.108219294
270,62.2,Male,16,Carrier,NA,8,0.108880295
271,64.2,Male,12,Carrier,NA,0,0.110585716
271,64.2,Male,12,Carrier,NA,2,0.110450742
271,64.2,Male,12,Carrier,NA,4,0.110279471
271,64.2,Male,12,Carrier,NA,6,0.109730294
271,64.2,Male,12,Carrier,NA,8,0.106944687
272,66.2,Male,16,Carrier,NA,0,0.106047845
272,66.2,Male,16,Carrier,NA,2,0.102522548
272,66.2,Male,16,Carrier,NA,4,0.1065023
272,66.2,Male,16,Carrier,NA,6,0.103627959
272,66.2,Male,16,Carrier,NA,8,0.105508768
273,62.4,Female,16,Non-carrier,NA,0,0.111687203
273,62.4,Female,16,Non-carrier,NA,2,0.112214262
273,62.4,Female,16,Non-carrier,NA,4,0.114662559
273,62.4,Female,16,Non-carrier,NA,6,0.114035932
273,62.4,Female,16,Non-carrier,NA,8,0.11160086
274,72.9,Female,16,Non-carrier,NA,0,0.109256855
274,72.9,Female,16,Non-carrier,NA,2,0.109016523
274,72.9,Female,16,Non-carrier,NA,4,0.107350371
274,72.9,Female,16,Non-carrier,NA,6,0.103459996
274,72.9,Female,16,Non-carrier,NA,8,0.110392014
275,65.5,Female,12,Non-carrier,NA,0,0.113862157
275,65.5,Female,12,Non-carrier,NA,2,0.113152705
275,65.5,Female,12,Non-carrier,NA,4,NA
275,65.5,Female,12,Non-carrier,NA,6,0.110478446
275,65.5,Female,12,Non-carrier,NA,8,0.109628693
276,68.4,Female,16,Carrier,NA,0,0.103669628
276,68.4,Female,16,Carrier,NA,2,NA
276,68.4,Female,16,Carrier,NA,4,0.106495998
276,68.4,Female,16,Carrier,NA,6,NA
276,68.4,Female,16,Carrier,NA,8,0.103131543
277,58.1,Male,16,Carrier,61.6,0,0.115712476
277,58.1,Male,16,Carrier,61.6,2,NA
277,58.1,Male,16,Carrier,61.6,4,0.111484023
277,58.1,Male,16,Carrier,61.6,6,NA
277,58.1,Male,16,Carrier,61.6,8,0.105341071
278,67.2,Female,16,Non-carrier,NA,0,0.107788079
278,67.2,Female,16,Non-carrier,NA,2,0.108533987
278,67.2,Female,16,Non-carrier,NA,4,0.105360808
278,67.2,Female,16,Non-carrier,NA,6,0.109739168
278,67.2,Female,16,Non-carrier,NA,8,0.104887218
279,61.1,Female,18,Non-carrier,NA,0,0.110001275
279,61.1,Female,18,Non-carrier,NA,2,0.11353116
279,61.1,Female,18,Non-carrier,NA,4,0.112236435
279,61.1,Female,18,Non-carrier,NA,6,0.11320741
279,61.1,Female,18,Non-carrier,NA,8,0.11110656
280,67.8,Female,16,Carrier,71.8,0,0.10701986
280,67.8,Female,16,Carrier,71.8,2,NA
280,67.8,Female,16,Carrier,71.8,4,0.102710675
280,67.8,Female,16,Carrier,71.8,6,0.104851778
280,67.8,Female,16,Carrier,71.8,8,0.103765772
281,66.2,Male,16,Carrier,NA,0,0.110473547
281,66.2,Male,16,Carrier,NA,2,0.108010138
281,66.2,Male,16,Carrier,NA,4,NA
281,66.2,Male,16,Carrier,NA,6,0.104006159
281,66.2,Male,16,Carrier,NA,8,0.107353915
282,63.8,Female,16,Carrier,NA,0,0.104402165
282,63.8,Female,16,Carrier,NA,2,0.108249718
282,63.8,Female,16,Carrier,NA,4,0.10804157
282,63.8,Female,16,Carrier,NA,6,0.109605801
282,63.8,Female,16,Carrier,NA,8,NA
284,62.9,Female,16,Non-carrier,NA,0,0.110562425
284,62.9,Female,16,Non-carrier,NA,2,0.108796483
284,62.9,Female,16,Non-carrier,NA,4,0.112317119
284,62.9,Female,16,Non-carrier,NA,6,0.110036624
284,62.9,Female,16,Non-carrier,NA,8,NA
285,63.3,Female,12,Non-carrier,NA,0,0.110865277
285,63.3,Female,12,Non-carrier,NA,2,0.109180323
285,63.3,Female,12,Non-carrier,NA,4,0.112288201
285,63.3,Female,12,Non-carrier,NA,6,0.109383084
285,63.3,Female,12,Non-carrier,NA,8,0.111657097
286,62,Male,16,Carrier,67.4,0,0.111565534
286,62,Male,16,Carrier,67.4,2,0.108984251
286,62,Male,16,Carrier,67.4,4,NA
286,62,Male,16,Carrier,67.4,6,0.10878002
286,62,Male,16,Carrier,67.4,8,0.104227529
287,63,Male,16,Carrier,68,0,0.108545195
287,63,Male,16,Carrier,68,2,0.109804562
287,63,Male,16,Carrier,68,4,0.112595781
287,63,Male,16,Carrier,68,6,0.109277394
287,63,Male,16,Carrier,68,8,0.107288238
288,67.8,Female,16,Non-carrier,NA,0,0.11249236
288,67.8,Female,16,Non-carrier,NA,2,0.110777255
288,67.8,Female,16,Non-carrier,NA,4,0.107696427
288,67.8,Female,16,Non-carrier,NA,6,0.111126742
288,67.8,Female,16,Non-carrier,NA,8,0.105490944
289,66.3,Male,18,Carrier,74.1,0,0.106628753
289,66.3,Male,18,Carrier,74.1,2,NA
289,66.3,Male,18,Carrier,74.1,4,0.111128361
289,66.3,Male,18,Carrier,74.1,6,0.105573514
289,66.3,Male,18,Carrier,74.1,8,0.108340662
290,68,Male,12,Non-carrier,NA,0,0.111066618
290,68,Male,12,Non-carrier,NA,2,0.111884626
290,68,Male,12,Non-carrier,NA,4,0.107022236
290,68,Male,12,Non-carrier,NA,6,0.107180728
290,68,Male,12,Non-carrier,NA,8,0.113024817
291,63.8,Male,16,Non-carrier,NA,0,0.112938689
291,63.8,Male,16,Non-carrier,NA,2,0.112360489
291,63.8,Male,16,Non-carrier,NA,4,0.105943608
291,63.8,Male,16,Non-carrier,NA,6,0.11360883
291,63.8,Male,16,Non-carrier,NA,8,0.109912138
292,66.1,Female,18,Non-carrier,70.2,0,0.112005473
292,66.1,Female,18,Non-carrier,70.2,2,0.111128689
292,66.1,Female,18,Non-carrier,70.2,4,0.110529628
292,66.1,Female,18,Non-carrier,70.2,6,0.107524069
292,66.1,Female,18,Non-carrier,70.2,8,0.111213884
293,65.7,Female,16,Non-carrier,NA,0,0.111427155
293,65.7,Female,16,Non-carrier,NA,2,NA
293,65.7,Female,16,Non-carrier,NA,4,NA
293,65.7,Female,16,Non-carrier,NA,6,NA
293,65.7,Female,16,Non-carrier,NA,8,0.105607142
294,60.7,Male,18,Non-carrier,NA,0,0.109276532
294,60.7,Male,18,Non-carrier,NA,2,0.113026569
294,60.7,Male,18,Non-carrier,NA,4,0.111248602
294,60.7,Male,18,Non-carrier,NA,6,0.111423406
294,60.7,Male,18,Non-carrier,NA,8,0.111403693
295,70.3,Male,20,Non-carrier,NA,0,0.115606685
295,70.3,Male,20,Non-carrier,NA,2,NA
295,70.3,Male,20,Non-carrier,NA,4,0.108952132
295,70.3,Male,20,Non-carrier,NA,6,0.111533928
295,70.3,Male,20,Non-carrier,NA,8,0.10741593
296,65.4,Female,16,Non-carrier,NA,0,0.112392331
296,65.4,Female,16,Non-carrier,NA,2,NA
296,65.4,Female,16,Non-carrier,NA,4,0.109694398
296,65.4,Female,16,Non-carrier,NA,6,NA
296,65.4,Female,16,Non-carrier,NA,8,0.107521406
297,67.3,Male,16,Carrier,73.9,0,0.112519791
297,67.3,Male,16,Carrier,73.9,2,0.107296829
297,67.3,Male,16,Carrier,73.9,4,0.109572724
297,67.3,Male,16,Carrier,73.9,6,0.107416099
297,67.3,Male,16,Carrier,73.9,8,0.105536131
298,67.9,Male,16,Non-carrier,NA,0,0.105798635
298,67.9,Male,16,Non-carrier,NA,2,0.112435931
298,67.9,Male,16,Non-carrier,NA,4,0.108849157
298,67.9,Male,16,Non-carrier,NA,6,0.10870563
298,67.9,Male,16,Non-carrier,NA,8,0.107703482
299,64.8,Male,16,Non-carrier,NA,0,0.116699121
299,64.8,Male,16,Non-carrier,NA,2,0.109227089
299,64.8,Male,16,Non-carrier,NA,4,0.105374421
299,64.8,Male,16,Non-carrier,NA,6,0.111752382
299,64.8,Male,16,Non-carrier,NA,8,0.111579106
300,64.1,Male,16,Carrier,NA,0,0.109040582
300,64.1,Male,16,Carrier,NA,2,0.108295985
300,64.1,Male,16,Carrier,NA,4,0.111727067
300,64.1,Male,16,Carrier,NA,6,0.102941601
300,64.1,Male,16,Carrier,NA,8,0.104574502
301,67.7,Female,16,Non-carrier,73.4,0,0.112105184
301,67.7,Female,16,Non-carrier,73.4,2,0.110651703
301,67.7,Female,16,Non-carrier,73.4,4,0.112009448
301,67.7,Female,16,Non-carrier,73.4,6,0.106664043
301,67.7,Female,16,Non-carrier,73.4,8,NA
302,61.9,Male,16,Carrier,NA,0,0.112249076
302,61.9,Male,16,Carrier,NA,2,0.113542483
302,61.9,Male,16,Carrier,NA,4,0.108736248
302,61.9,Male,16,Carrier,NA,6,0.11236736
302,61.9,Male,16,Carrier,NA,8,0.111010295
303,70.9,Male,16,Non-carrier,NA,0,0.111620081
303,70.9,Male,16,Non-carrier,NA,2,0.110791889
303,70.9,Male,16,Non-carrier,NA,4,0.10645713
303,70.9,Male,16,Non-carrier,NA,6,0.1134974
303,70.9,Male,16,Non-carrier,NA,8,0.108602524
305,70,Female,18,Carrier,77.2,0,0.106575146
305,70,Female,18,Carrier,77.2,2,0.109139729
305,70,Female,18,Carrier,77.2,4,0.107237307
305,70,Female,18,Carrier,77.2,6,0.100797063
305,70,Female,18,Carrier,77.2,8,0.103960862
306,69.5,Female,16,Non-carrier,72.6,0,0.107617927
306,69.5,Female,16,Non-carrier,72.6,2,0.10549774
306,69.5,Female,16,Non-carrier,72.6,4,0.105779618
306,69.5,Female,16,Non-carrier,72.6,6,0.104030737
306,69.5,Female,16,Non-carrier,72.6,8,0.103597858
307,65.2,Male,16,Non-carrier,NA,0,0.115482975
307,65.2,Male,16,Non-carrier,NA,2,0.107838911
307,65.2,Male,16,Non-carrier,NA,4,NA
307,65.2,Male,16,Non-carrier,NA,6,0.110497676
307,65.2,Male,16,Non-carrier,NA,8,0.109453551
308,66.7,Female,12,Carrier,NA,0,0.107487702
308,66.7,Female,12,Carrier,NA,2,Na
308,66.7,Female,12,Carrier,NA,4,Na
308,66.7,Female,12,Carrier,NA,6,Na
308,66.7,Female,12,Carrier,NA,8,0.108283938
309,61.9,Female,18,Non-carrier,NA,0,0.113399772
309,61.9,Female,18,Non-carrier,NA,2,0.110750724
309,61.9,Female,18,Non-carrier,NA,4,0.113778394
309,61.9,Female,18,Non-carrier,NA,6,0.107296578
309,61.9,Female,18,Non-carrier,NA,8,0.109604379
310,66,Male,16,Carrier,NA,0,0.109270887
310,66,Male,16,Carrier,NA,2,0.109795055
310,66,Male,16,Carrier,NA,4,NA
310,66,Male,16,Carrier,NA,6,0.112093
310,66,Male,16,Carrier,NA,8,0.104375674
311,68.1,Male,16,Non-carrier,NA,0,0.109151165
311,68.1,Male,16,Non-carrier,NA,2,0.116141701
311,68.1,Male,16,Non-carrier,NA,4,0.111349996
311,68.1,Male,16,Non-carrier,NA,6,0.108476817
311,68.1,Male,16,Non-carrier,NA,8,0.106779606
312,65.3,Male,16,Non-carrier,NA,0,0.113459428
312,65.3,Male,16,Non-carrier,NA,2,0.112235
312,65.3,Male,16,Non-carrier,NA,4,0.108101136
312,65.3,Male,16,Non-carrier,NA,6,0.110134979
312,65.3,Male,16,Non-carrier,NA,8,0.11098663
313,63.6,Male,18,Non-carrier,NA,0,0.11398153
313,63.6,Male,18,Non-carrier,NA,2,0.10963414
313,63.6,Male,18,Non-carrier,NA,4,0.116096237
313,63.6,Male,18,Non-carrier,NA,6,0.108574278
313,63.6,Male,18,Non-carrier,NA,8,0.110701158
314,63,Female,16,Non-carrier,68.7,0,0.114488695
314,63,Female,16,Non-carrier,68.7,2,0.111534036
314,63,Female,16,Non-carrier,68.7,4,0.113995497
314,63,Female,16,Non-carrier,68.7,6,0.116064016
314,63,Female,16,Non-carrier,68.7,8,0.111072404
315,64.9,Female,16,Non-carrier,NA,0,0.113616693
315,64.9,Female,16,Non-carrier,NA,2,0.108476844
315,64.9,Female,16,Non-carrier,NA,4,0.113857059
315,64.9,Female,16,Non-carrier,NA,6,0.109308933
315,64.9,Female,16,Non-carrier,NA,8,0.109643453
316,68.2,Female,16,Non-carrier,NA,0,0.110549067
316,68.2,Female,16,Non-carrier,NA,2,0.109248731
316,68.2,Female,16,Non-carrier,NA,4,0.113612053
316,68.2,Female,16,Non-carrier,NA,6,0.112858701
316,68.2,Female,16,Non-carrier,NA,8,0.105875249
317,63.5,Male,18,Non-carrier,NA,0,0.112034133
317,63.5,Male,18,Non-carrier,NA,2,0.112309047
317,63.5,Male,18,Non-carrier,NA,4,NA
317,63.5,Male,18,Non-carrier,NA,6,0.112345414
317,63.5,Male,18,Non-carrier,NA,8,0.111621207
318,64.6,Male,12,Non-carrier,NA,0,0.115707722
318,64.6,Male,12,Non-carrier,NA,2,0.11007876
318,64.6,Male,12,Non-carrier,NA,4,0.113527599
318,64.6,Male,12,Non-carrier,NA,6,0.112651493
318,64.6,Male,12,Non-carrier,NA,8,0.109620327
319,61.1,Female,16,Non-carrier,NA,0,0.109862404
319,61.1,Female,16,Non-carrier,NA,2,0.111428595
319,61.1,Female,16,Non-carrier,NA,4,0.115099192
319,61.1,Female,16,Non-carrier,NA,6,0.112269423
319,61.1,Female,16,Non-carrier,NA,8,0.111311591
320,66.5,Male,18,Non-carrier,NA,0,0.105694718
320,66.5,Male,18,Non-carrier,NA,2,0.111338767
320,66.5,Male,18,Non-carrier,NA,4,0.112005666
320,66.5,Male,18,Non-carrier,NA,6,0.107506531
320,66.5,Male,18,Non-carrier,NA,8,0.108281493
321,68.9,Female,16,Non-carrier,NA,0,0.110760407
321,68.9,Female,16,Non-carrier,NA,2,0.109764055
321,68.9,Female,16,Non-carrier,NA,4,0.110853382
321,68.9,Female,16,Non-carrier,NA,6,0.107816785
321,68.9,Female,16,Non-carrier,NA,8,0.107352739
322,69.5,Male,20,Carrier,NA,0,0.110046891
322,69.5,Male,20,Carrier,NA,2,0.1071658
322,69.5,Male,20,Carrier,NA,4,0.103712548
322,69.5,Male,20,Carrier,NA,6,0.103892805
322,69.5,Male,20,Carrier,NA,8,0.106774995
323,67.4,Female,16,Carrier,73.9,0,0.108951493
323,67.4,Female,16,Carrier,73.9,2,0.108156014
323,67.4,Female,16,Carrier,73.9,4,0.107161066
323,67.4,Female,16,Carrier,73.9,6,0.107789675
323,67.4,Female,16,Carrier,73.9,8,0.103367206
324,59.4,Male,16,Non-carrier,NA,0,0.117636767
324,59.4,Male,16,Non-carrier,NA,2,0.110695721
324,59.4,Male,16,Non-carrier,NA,4,0.114759173
324,59.4,Male,16,Non-carrier,NA,6,0.1114577
324,59.4,Male,16,Non-carrier,NA,8,0.113260306
325,66.4,Male,16,Non-carrier,NA,0,0.111746455
325,66.4,Male,16,Non-carrier,NA,2,0.110269495
325,66.4,Male,16,Non-carrier,NA,4,NA
325,66.4,Male,16,Non-carrier,NA,6,0.110695295
325,66.4,Male,16,Non-carrier,NA,8,NA
326,66.4,Female,16,Non-carrier,NA,0,0.110459106
326,66.4,Female,16,Non-carrier,NA,2,0.108283669
326,66.4,Female,16,Non-carrier,NA,4,0.112225585
326,66.4,Female,16,Non-carrier,NA,6,0.109015141
326,66.4,Female,16,Non-carrier,NA,8,0.108830284
327,63.9,Male,16,Non-carrier,NA,0,0.115914075
327,63.9,Male,16,Non-carrier,NA,2,0.116057447
327,63.9,Male,16,Non-carrier,NA,4,0.115017143
327,63.9,Male,16,Non-carrier,NA,6,0.110124237
327,63.9,Male,16,Non-carrier,NA,8,0.111642089
328,65.5,Male,16,Non-carrier,71,0,0.116053343
328,65.5,Male,16,Non-carrier,71,2,0.108732458
328,65.5,Male,16,Non-carrier,71,4,0.107981127
328,65.5,Male,16,Non-carrier,71,6,0.110412399
328,65.5,Male,16,Non-carrier,71,8,0.107545571
329,62.4,Male,12,Non-carrier,NA,0,0.118405048
329,62.4,Male,12,Non-carrier,NA,2,0.115540114
329,62.4,Male,12,Non-carrier,NA,4,NA
329,62.4,Male,12,Non-carrier,NA,6,NA
329,62.4,Male,12,Non-carrier,NA,8,0.112550817
330,67,Female,18,Carrier,NA,0,0.108252386
330,67,Female,18,Carrier,NA,2,0.111444278
330,67,Female,18,Carrier,NA,4,0.106592298
330,67,Female,18,Carrier,NA,6,0.109460717
330,67,Female,18,Carrier,NA,8,0.1008376
331,64,Male,16,Non-carrier,NA,0,0.110435676
331,64,Male,16,Non-carrier,NA,2,0.112514085
331,64,Male,16,Non-carrier,NA,4,0.110385854
331,64,Male,16,Non-carrier,NA,6,0.109035814
331,64,Male,16,Non-carrier,NA,8,0.107564188
332,60.3,Female,12,Non-carrier,NA,0,0.111728742
332,60.3,Female,12,Non-carrier,NA,2,0.108822039
332,60.3,Female,12,Non-carrier,NA,4,0.110103497
332,60.3,Female,12,Non-carrier,NA,6,0.112970507
332,60.3,Female,12,Non-carrier,NA,8,0.108582532
333,63.9,Male,16,Carrier,NA,0,0.111548636
333,63.9,Male,16,Carrier,NA,2,NA
333,63.9,Male,16,Carrier,NA,4,0.109071931
333,63.9,Male,16,Carrier,NA,6,0.103038004
333,63.9,Male,16,Carrier,NA,8,0.102900066
334,69.1,Male,20,Non-carrier,NA,0,0.11141818
334,69.1,Male,20,Non-carrier,NA,2,NA
334,69.1,Male,20,Non-carrier,NA,4,0.111873356
334,69.1,Male,20,Non-carrier,NA,6,0.108872776
334,69.1,Male,20,Non-carrier,NA,8,0.111261354
335,64,Female,18,Non-carrier,NA,0,0.111391532
335,64,Female,18,Non-carrier,NA,2,0.111003399
335,64,Female,18,Non-carrier,NA,4,0.113789554
335,64,Female,18,Non-carrier,NA,6,0.107122912
335,64,Female,18,Non-carrier,NA,8,0.108727152
336,67.2,Female,16,Carrier,73.7,0,0.105515499
336,67.2,Female,16,Carrier,73.7,2,0.105559957
336,67.2,Female,16,Carrier,73.7,4,0.102679883
336,67.2,Female,16,Carrier,73.7,6,0.10569702
336,67.2,Female,16,Carrier,73.7,8,0.10640764
337,67.8,Female,16,Non-carrier,75,0,0.110234919
337,67.8,Female,16,Non-carrier,75,2,0.109115569
337,67.8,Female,16,Non-carrier,75,4,0.110457079
337,67.8,Female,16,Non-carrier,75,6,0.111424351
337,67.8,Female,16,Non-carrier,75,8,0.109695757
338,65,Female,16,Non-carrier,70.8,0,0.113154484
338,65,Female,16,Non-carrier,70.8,2,0.113866071
338,65,Female,16,Non-carrier,70.8,4,0.107875179
338,65,Female,16,Non-carrier,70.8,6,0.109168346
338,65,Female,16,Non-carrier,70.8,8,0.110056896
339,63.9,Female,12,Non-carrier,NA,0,0.110406213
339,63.9,Female,12,Non-carrier,NA,2,0.112662758
339,63.9,Female,12,Non-carrier,NA,4,0.110582059
339,63.9,Female,12,Non-carrier,NA,6,0.11202907
339,63.9,Female,12,Non-carrier,NA,8,0.105121096
340,63.4,Male,16,Non-carrier,NA,0,0.113770508
340,63.4,Male,16,Non-carrier,NA,2,NA
340,63.4,Male,16,Non-carrier,NA,4,0.112908654
340,63.4,Male,16,Non-carrier,NA,6,0.11424814
340,63.4,Male,16,Non-carrier,NA,8,0.110175098
341,67.2,Male,18,Non-carrier,NA,0,0.111485238
341,67.2,Male,18,Non-carrier,NA,2,0.112988368
341,67.2,Male,18,Non-carrier,NA,4,0.109995956
341,67.2,Male,18,Non-carrier,NA,6,NA
341,67.2,Male,18,Non-carrier,NA,8,0.113725839
342,61.8,Male,20,Non-carrier,NA,0,0.112281092
342,61.8,Male,20,Non-carrier,NA,2,0.110454111
342,61.8,Male,20,Non-carrier,NA,4,0.115212181
342,61.8,Male,20,Non-carrier,NA,6,0.113150469
342,61.8,Male,20,Non-carrier,NA,8,0.112476619
343,65.7,Female,12,Non-carrier,NA,0,0.109000592
343,65.7,Female,12,Non-carrier,NA,2,0.110828555
343,65.7,Female,12,Non-carrier,NA,4,0.112152791
343,65.7,Female,12,Non-carrier,NA,6,0.108346107
343,65.7,Female,12,Non-carrier,NA,8,0.109229455
344,64.1,Male,12,Carrier,NA,0,0.104493777
344,64.1,Male,12,Carrier,NA,2,0.111410573
344,64.1,Male,12,Carrier,NA,4,0.105177412
344,64.1,Male,12,Carrier,NA,6,0.104139524
344,64.1,Male,12,Carrier,NA,8,0.109674178
345,58.2,Male,18,Non-carrier,NA,0,0.116500043
345,58.2,Male,18,Non-carrier,NA,2,0.11281317
345,58.2,Male,18,Non-carrier,NA,4,0.112476877
345,58.2,Male,18,Non-carrier,NA,6,0.114786475
345,58.2,Male,18,Non-carrier,NA,8,NA
346,60.8,Male,16,Carrier,NA,0,0.110422587
346,60.8,Male,16,Carrier,NA,2,0.108413615
346,60.8,Male,16,Carrier,NA,4,0.108349732
346,60.8,Male,16,Carrier,NA,6,0.109511885
346,60.8,Male,16,Carrier,NA,8,NA
347,67.7,Male,16,Carrier,68.9,0,0.106142357
347,67.7,Male,16,Carrier,68.9,2,0.105404684
347,67.7,Male,16,Carrier,68.9,4,0.106038639
347,67.7,Male,16,Carrier,68.9,6,0.104798607
347,67.7,Male,16,Carrier,68.9,8,0.102539751
348,64.4,Male,16,Carrier,70.4,0,0.108953572
348,64.4,Male,16,Carrier,70.4,2,0.109108861
348,64.4,Male,16,Carrier,70.4,4,0.10913821
348,64.4,Male,16,Carrier,70.4,6,0.111055899
348,64.4,Male,16,Carrier,70.4,8,0.111664612
349,67.4,Female,18,Carrier,70,0,0.108418448
349,67.4,Female,18,Carrier,70,2,NA
349,67.4,Female,18,Carrier,70,4,0.107116982
349,67.4,Female,18,Carrier,70,6,0.101918841
349,67.4,Female,18,Carrier,70,8,NA
350,70.7,Female,16,Carrier,75.2,0,0.104448098
350,70.7,Female,16,Carrier,75.2,2,0.106251499
350,70.7,Female,16,Carrier,75.2,4,0.109105546
350,70.7,Female,16,Carrier,75.2,6,0.105341362
350,70.7,Female,16,Carrier,75.2,8,0.102666049
351,69.4,Male,16,Carrier,76.6,0,0.109113066
351,69.4,Male,16,Carrier,76.6,2,0.110681827
351,69.4,Male,16,Carrier,76.6,4,0.104622912
351,69.4,Male,16,Carrier,76.6,6,0.107114993
351,69.4,Male,16,Carrier,76.6,8,0.10775628
352,67,Male,16,Carrier,69.3,0,0.107347915
352,67,Male,16,Carrier,69.3,2,0.108997259
352,67,Male,16,Carrier,69.3,4,0.106503869
352,67,Male,16,Carrier,69.3,6,0.105619654
352,67,Male,16,Carrier,69.3,8,NA
353,66.1,Male,16,Non-carrier,NA,0,0.111763353
353,66.1,Male,16,Non-carrier,NA,2,NA
353,66.1,Male,16,Non-carrier,NA,4,0.109917251
353,66.1,Male,16,Non-carrier,NA,6,0.108258176
353,66.1,Male,16,Non-carrier,NA,8,0.104794024
354,64.4,Male,20,Carrier,NA,0,0.107791322
354,64.4,Male,20,Carrier,NA,2,0.112454752
354,64.4,Male,20,Carrier,NA,4,0.10789639
354,64.4,Male,20,Carrier,NA,6,0.104688733
354,64.4,Male,20,Carrier,NA,8,Na
355,69.7,Male,16,Carrier,75.3,0,0.104675217
355,69.7,Male,16,Carrier,75.3,2,NA
355,69.7,Male,16,Carrier,75.3,4,0.108340642
355,69.7,Male,16,Carrier,75.3,6,NA
355,69.7,Male,16,Carrier,75.3,8,0.105741631
356,66.8,Female,20,Non-carrier,NA,0,0.109379105
356,66.8,Female,20,Non-carrier,NA,2,0.106965433
356,66.8,Female,20,Non-carrier,NA,4,0.10815293
356,66.8,Female,20,Non-carrier,NA,6,0.107072946
356,66.8,Female,20,Non-carrier,NA,8,0.106135638
357,61.5,Female,20,Non-carrier,NA,0,0.112494164
357,61.5,Female,20,Non-carrier,NA,2,0.11410471
357,61.5,Female,20,Non-carrier,NA,4,0.111288572
357,61.5,Female,20,Non-carrier,NA,6,0.106142726
357,61.5,Female,20,Non-carrier,NA,8,0.114108779
358,64.5,Male,12,Carrier,NA,0,0.111928654
358,64.5,Male,12,Carrier,NA,2,0.114038778
358,64.5,Male,12,Carrier,NA,4,0.107494751
358,64.5,Male,12,Carrier,NA,6,NA
358,64.5,Male,12,Carrier,NA,8,0.107222869
359,59.2,Male,18,Non-carrier,NA,0,0.113600273
359,59.2,Male,18,Non-carrier,NA,2,0.111886881
359,59.2,Male,18,Non-carrier,NA,4,0.109824882
359,59.2,Male,18,Non-carrier,NA,6,0.114763061
359,59.2,Male,18,Non-carrier,NA,8,0.114664764
360,64.4,Female,18,Non-carrier,NA,0,0.114141051
360,64.4,Female,18,Non-carrier,NA,2,NA
360,64.4,Female,18,Non-carrier,NA,4,0.110864882
360,64.4,Female,18,Non-carrier,NA,6,0.110135116
360,64.4,Female,18,Non-carrier,NA,8,0.113347124
361,57.2,Female,18,Carrier,NA,0,0.109644487
361,57.2,Female,18,Carrier,NA,2,0.10848668
361,57.2,Female,18,Carrier,NA,4,0.110209973
361,57.2,Female,18,Carrier,NA,6,NA
361,57.2,Female,18,Carrier,NA,8,0.105284681
362,68.9,Female,16,Non-carrier,NA,0,0.108106556
362,68.9,Female,16,Non-carrier,NA,2,0.110510273
362,68.9,Female,16,Non-carrier,NA,4,0.112962497
362,68.9,Female,16,Non-carrier,NA,6,0.111523124
362,68.9,Female,16,Non-carrier,NA,8,0.105103376
363,63.1,Male,20,Non-carrier,NA,0,0.113522295
363,63.1,Male,20,Non-carrier,NA,2,0.117107644
363,63.1,Male,20,Non-carrier,NA,4,0.114966008
363,63.1,Male,20,Non-carrier,NA,6,0.113233396
363,63.1,Male,20,Non-carrier,NA,8,0.110902281
364,63.7,Male,18,Non-carrier,NA,0,0.115713628
364,63.7,Male,18,Non-carrier,NA,2,0.114708754
364,63.7,Male,18,Non-carrier,NA,4,0.111139421
364,63.7,Male,18,Non-carrier,NA,6,0.109152422
364,63.7,Male,18,Non-carrier,NA,8,0.109602494
365,64.5,Female,16,Non-carrier,67.7,0,0.108368155
365,64.5,Female,16,Non-carrier,67.7,2,0.11282099
365,64.5,Female,16,Non-carrier,67.7,4,0.109700177
365,64.5,Female,16,Non-carrier,67.7,6,0.103664695
365,64.5,Female,16,Non-carrier,67.7,8,0.104995131
366,66.8,Male,16,Carrier,72.8,0,0.109407468
366,66.8,Male,16,Carrier,72.8,2,0.110142355
366,66.8,Male,16,Carrier,72.8,4,0.108078589
366,66.8,Male,16,Carrier,72.8,6,0.104223474
366,66.8,Male,16,Carrier,72.8,8,0.103784985
367,67,Female,16,Non-carrier,NA,0,0.117689024
367,67,Female,16,Non-carrier,NA,2,0.113237952
367,67,Female,16,Non-carrier,NA,4,0.110079891
367,67,Female,16,Non-carrier,NA,6,0.108484313
367,67,Female,16,Non-carrier,NA,8,0.107956096
368,66.7,Male,16,Non-carrier,NA,0,0.113687194
368,66.7,Male,16,Non-carrier,NA,2,0.11075241
368,66.7,Male,16,Non-carrier,NA,4,0.109373128
368,66.7,Male,16,Non-carrier,NA,6,0.109307354
368,66.7,Male,16,Non-carrier,NA,8,0.109312173
369,63.3,Male,18,Carrier,68.6,0,0.111860082
369,63.3,Male,18,Carrier,68.6,2,0.104362159
369,63.3,Male,18,Carrier,68.6,4,0.112709888
369,63.3,Male,18,Carrier,68.6,6,0.107915913
369,63.3,Male,18,Carrier,68.6,8,0.107131432
370,60.9,Female,16,Carrier,NA,0,0.110829401
370,60.9,Female,16,Carrier,NA,2,0.1073372
370,60.9,Female,16,Carrier,NA,4,0.105705433
370,60.9,Female,16,Carrier,NA,6,0.105315475
370,60.9,Female,16,Carrier,NA,8,0.108028021
371,63.8,Male,12,Carrier,NA,0,0.110945361
371,63.8,Male,12,Carrier,NA,2,0.106288231
371,63.8,Male,12,Carrier,NA,4,0.108039492
371,63.8,Male,12,Carrier,NA,6,0.104458211
371,63.8,Male,12,Carrier,NA,8,0.10778224
372,65.8,Male,16,Non-carrier,NA,0,0.111068016
372,65.8,Male,16,Non-carrier,NA,2,0.109760332
372,65.8,Male,16,Non-carrier,NA,4,0.111484023
372,65.8,Male,16,Non-carrier,NA,6,0.112740921
372,65.8,Male,16,Non-carrier,NA,8,0.105904603
373,62.5,Male,16,Non-carrier,66,0,0.11218911
373,62.5,Male,16,Non-carrier,66,2,0.117060394
373,62.5,Male,16,Non-carrier,66,4,0.113077811
373,62.5,Male,16,Non-carrier,66,6,0.116411516
373,62.5,Male,16,Non-carrier,66,8,0.106141346
374,64.8,Male,18,Non-carrier,NA,0,0.112892498
374,64.8,Male,18,Non-carrier,NA,2,0.109846788
374,64.8,Male,18,Non-carrier,NA,4,0.11388343
374,64.8,Male,18,Non-carrier,NA,6,0.113533418
374,64.8,Male,18,Non-carrier,NA,8,0.110892797
375,61.5,Female,16,Non-carrier,NA,0,0.116373615
375,61.5,Female,16,Non-carrier,NA,2,0.114045047
375,61.5,Female,16,Non-carrier,NA,4,0.108029282
375,61.5,Female,16,Non-carrier,NA,6,0.109944121
375,61.5,Female,16,Non-carrier,NA,8,NA
376,65,Female,16,Non-carrier,NA,0,0.106348819
376,65,Female,16,Non-carrier,NA,2,NA
376,65,Female,16,Non-carrier,NA,4,0.109070689
376,65,Female,16,Non-carrier,NA,6,0.108450194
376,65,Female,16,Non-carrier,NA,8,0.106333398
377,65.4,Female,16,Carrier,68.2,0,0.108737385
377,65.4,Female,16,Carrier,68.2,2,0.107877634
377,65.4,Female,16,Carrier,68.2,4,0.107528215
377,65.4,Female,16,Carrier,68.2,6,0.105783551
377,65.4,Female,16,Carrier,68.2,8,0.104676513
378,64.6,Female,16,Carrier,NA,0,0.109343275
378,64.6,Female,16,Carrier,NA,2,0.106164941
378,64.6,Female,16,Carrier,NA,4,0.10911387
378,64.6,Female,16,Carrier,NA,6,0.108618298
378,64.6,Female,16,Carrier,NA,8,0.105794803
379,64.5,Male,16,Non-carrier,70.9,0,0.112029532
379,64.5,Male,16,Non-carrier,70.9,2,0.112141415
379,64.5,Male,16,Non-carrier,70.9,4,NA
379,64.5,Male,16,Non-carrier,70.9,6,0.109489517
379,64.5,Male,16,Non-carrier,70.9,8,0.111288052
381,67.3,Female,16,Carrier,NA,0,0.105097823
381,67.3,Female,16,Carrier,NA,2,0.105778185
381,67.3,Female,16,Carrier,NA,4,0.105547155
381,67.3,Female,16,Carrier,NA,6,0.107949234
381,67.3,Female,16,Carrier,NA,8,NA
382,68.3,Female,20,Non-carrier,NA,0,0.110064878
382,68.3,Female,20,Non-carrier,NA,2,0.108051924
382,68.3,Female,20,Non-carrier,NA,4,0.110050517
382,68.3,Female,20,Non-carrier,NA,6,NA
382,68.3,Female,20,Non-carrier,NA,8,0.102225526
383,62.2,Male,18,Non-carrier,NA,0,0.115607319
383,62.2,Male,18,Non-carrier,NA,2,0.113823446
383,62.2,Male,18,Non-carrier,NA,4,NA
383,62.2,Male,18,Non-carrier,NA,6,0.111752933
383,62.2,Male,18,Non-carrier,NA,8,0.109090812
384,65.5,Male,16,Non-carrier,NA,0,0.116961073
384,65.5,Male,16,Non-carrier,NA,2,0.111892878
384,65.5,Male,16,Non-carrier,NA,4,0.114093577
384,65.5,Male,16,Non-carrier,NA,6,0.113339185
384,65.5,Male,16,Non-carrier,NA,8,0.108094695
385,68.5,Male,20,Non-carrier,NA,0,0.109777183
385,68.5,Male,20,Non-carrier,NA,2,0.11124558
385,68.5,Male,20,Non-carrier,NA,4,0.109140882
385,68.5,Male,20,Non-carrier,NA,6,0.111784382
385,68.5,Male,20,Non-carrier,NA,8,0.109038636
386,64.8,Male,16,Carrier,NA,0,0.11034442
386,64.8,Male,16,Carrier,NA,2,0.10479554
386,64.8,Male,16,Carrier,NA,4,0.106479322
386,64.8,Male,16,Carrier,NA,6,0.107866499
386,64.8,Male,16,Carrier,NA,8,0.107554171
387,58.6,Male,16,Carrier,NA,0,0.109151568
387,58.6,Male,16,Carrier,NA,2,0.110664587
387,58.6,Male,16,Carrier,NA,4,0.109132555
387,58.6,Male,16,Carrier,NA,6,0.111064613
387,58.6,Male,16,Carrier,NA,8,NA
388,66,Female,16,Non-carrier,NA,0,0.111076193
388,66,Female,16,Non-carrier,NA,2,0.112819993
388,66,Female,16,Non-carrier,NA,4,0.109345677
388,66,Female,16,Non-carrier,NA,6,0.109233323
388,66,Female,16,Non-carrier,NA,8,0.108428963
390,62.6,Female,16,Non-carrier,NA,0,0.111920365
390,62.6,Female,16,Non-carrier,NA,2,0.113983819
390,62.6,Female,16,Non-carrier,NA,4,NA
390,62.6,Female,16,Non-carrier,NA,6,0.109467492
390,62.6,Female,16,Non-carrier,NA,8,0.110308657
391,69,Female,18,Non-carrier,NA,0,0.10836807
391,69,Female,18,Non-carrier,NA,2,0.108527408
391,69,Female,18,Non-carrier,NA,4,0.103724591
391,69,Female,18,Non-carrier,NA,6,0.106425933
391,69,Female,18,Non-carrier,NA,8,0.108418488
392,66.8,Male,16,Non-carrier,NA,0,0.116843254
392,66.8,Male,16,Non-carrier,NA,2,0.106764016
392,66.8,Male,16,Non-carrier,NA,4,0.110888815
392,66.8,Male,16,Non-carrier,NA,6,0.108226146
392,66.8,Male,16,Non-carrier,NA,8,0.108759893
393,68.3,Male,12,Non-carrier,NA,0,0.113067002
393,68.3,Male,12,Non-carrier,NA,2,0.108511981
393,68.3,Male,12,Non-carrier,NA,4,0.107983711
393,68.3,Male,12,Non-carrier,NA,6,NA
393,68.3,Male,12,Non-carrier,NA,8,0.105484627
394,65.9,Female,16,Non-carrier,NA,0,0.107519754
394,65.9,Female,16,Non-carrier,NA,2,0.109540134
394,65.9,Female,16,Non-carrier,NA,4,0.108905792
394,65.9,Female,16,Non-carrier,NA,6,0.105652384
394,65.9,Female,16,Non-carrier,NA,8,0.10604638
395,64.7,Female,12,Non-carrier,NA,0,0.111582619
395,64.7,Female,12,Non-carrier,NA,2,0.107791941
395,64.7,Female,12,Non-carrier,NA,4,0.113191559
395,64.7,Female,12,Non-carrier,NA,6,0.105054008
395,64.7,Female,12,Non-carrier,NA,8,0.106679047
396,62.2,Male,18,Non-carrier,NA,0,0.113999488
396,62.2,Male,18,Non-carrier,NA,2,0.110374196
396,62.2,Male,18,Non-carrier,NA,4,0.111588415
396,62.2,Male,18,Non-carrier,NA,6,0.109551012
396,62.2,Male,18,Non-carrier,NA,8,0.112205359
397,69.8,Female,16,Non-carrier,NA,0,0.110763293
397,69.8,Female,16,Non-carrier,NA,2,0.11086958
397,69.8,Female,16,Non-carrier,NA,4,0.109251204
397,69.8,Female,16,Non-carrier,NA,6,0.112401154
397,69.8,Female,16,Non-carrier,NA,8,0.107010352
398,65.1,Female,16,Non-carrier,73,0,0.111776578
398,65.1,Female,16,Non-carrier,73,2,0.107324817
398,65.1,Female,16,Non-carrier,73,4,NA
398,65.1,Female,16,Non-carrier,73,6,0.111445759
398,65.1,Female,16,Non-carrier,73,8,0.108830555
399,62.9,Male,18,Non-carrier,NA,0,0.117121943
399,62.9,Male,18,Non-carrier,NA,2,0.11711734
399,62.9,Male,18,Non-carrier,NA,4,0.11008985
399,62.9,Male,18,Non-carrier,NA,6,0.106788506
399,62.9,Male,18,Non-carrier,NA,8,0.113044637
400,67.6,Female,16,Non-carrier,71.9,0,0.114692751
400,67.6,Female,16,Non-carrier,71.9,2,0.112106311
400,67.6,Female,16,Non-carrier,71.9,4,NA
400,67.6,Female,16,Non-carrier,71.9,6,0.108426877
400,67.6,Female,16,Non-carrier,71.9,8,0.107638328
401,68.2,Male,20,Non-carrier,NA,0,0.112569102
401,68.2,Male,20,Non-carrier,NA,2,0.111576061
401,68.2,Male,20,Non-carrier,NA,4,0.108709817
401,68.2,Male,20,Non-carrier,NA,6,0.108169892
401,68.2,Male,20,Non-carrier,NA,8,0.109443157
402,70.7,Female,16,Non-carrier,NA,0,0.107932575
402,70.7,Female,16,Non-carrier,NA,2,0.109955897
402,70.7,Female,16,Non-carrier,NA,4,0.109138644
402,70.7,Female,16,Non-carrier,NA,6,0.106436528
402,70.7,Female,16,Non-carrier,NA,8,0.106433783
403,63.2,Female,16,Carrier,NA,0,0.108716933
403,63.2,Female,16,Carrier,NA,2,0.112528009
403,63.2,Female,16,Carrier,NA,4,0.105718947
403,63.2,Female,16,Carrier,NA,6,0.105514681
403,63.2,Female,16,Carrier,NA,8,0.109671392
404,63.8,Male,20,Carrier,NA,0,0.106223701
404,63.8,Male,20,Carrier,NA,2,0.111414357
404,63.8,Male,20,Carrier,NA,4,0.104911411
404,63.8,Male,20,Carrier,NA,6,NA
404,63.8,Male,20,Carrier,NA,8,NA
405,63.8,Male,18,Non-carrier,NA,0,0.112091811
405,63.8,Male,18,Non-carrier,NA,2,0.110110034
405,63.8,Male,18,Non-carrier,NA,4,0.112359417
405,63.8,Male,18,Non-carrier,NA,6,0.10680939
405,63.8,Male,18,Non-carrier,NA,8,0.110450379
406,63.9,Female,16,Non-carrier,NA,0,0.110644536
406,63.9,Female,16,Non-carrier,NA,2,0.113750326
406,63.9,Female,16,Non-carrier,NA,4,0.113785139
406,63.9,Female,16,Non-carrier,NA,6,0.108150086
406,63.9,Female,16,Non-carrier,NA,8,0.108537751
407,63.9,Male,16,Non-carrier,NA,0,0.113153337
407,63.9,Male,16,Non-carrier,NA,2,0.114635971
407,63.9,Male,16,Non-carrier,NA,4,0.114431707
407,63.9,Male,16,Non-carrier,NA,6,0.1137278
407,63.9,Male,16,Non-carrier,NA,8,0.109429577
408,64.1,Male,20,Carrier,70.2,0,0.110779441
408,64.1,Male,20,Carrier,70.2,2,0.11081594
408,64.1,Male,20,Carrier,70.2,4,0.111759647
408,64.1,Male,20,Carrier,70.2,6,0.10560759
408,64.1,Male,20,Carrier,70.2,8,0.11096394
409,69.3,Male,16,Carrier,75.2,0,0.109306118
409,69.3,Male,16,Carrier,75.2,2,0.109355444
409,69.3,Male,16,Carrier,75.2,4,0.104203305
409,69.3,Male,16,Carrier,75.2,6,0.104801719
409,69.3,Male,16,Carrier,75.2,8,0.104392625
410,62.9,Male,16,Non-carrier,NA,0,0.111475498
410,62.9,Male,16,Non-carrier,NA,2,NA
410,62.9,Male,16,Non-carrier,NA,4,0.10934428
410,62.9,Male,16,Non-carrier,NA,6,0.111442617
410,62.9,Male,16,Non-carrier,NA,8,NA
411,63.8,Male,16,Carrier,NA,0,0.10826737
411,63.8,Male,16,Carrier,NA,2,0.104959222
411,63.8,Male,16,Carrier,NA,4,0.109323546
411,63.8,Male,16,Carrier,NA,6,0.108688383
411,63.8,Male,16,Carrier,NA,8,0.108075209
413,68.4,Male,20,Non-carrier,NA,0,0.108723744
413,68.4,Male,20,Non-carrier,NA,2,0.111658125
413,68.4,Male,20,Non-carrier,NA,4,0.108361884
413,68.4,Male,20,Non-carrier,NA,6,0.109812625
413,68.4,Male,20,Non-carrier,NA,8,0.108399149
414,62.7,Female,16,Non-carrier,NA,0,0.112159297
414,62.7,Female,16,Non-carrier,NA,2,NA
414,62.7,Female,16,Non-carrier,NA,4,0.110668669
414,62.7,Female,16,Non-carrier,NA,6,0.109035478
414,62.7,Female,16,Non-carrier,NA,8,0.107674925
415,63.5,Male,18,Non-carrier,NA,0,0.112331985
415,63.5,Male,18,Non-carrier,NA,2,0.111208241
415,63.5,Male,18,Non-carrier,NA,4,0.113835848
415,63.5,Male,18,Non-carrier,NA,6,0.111187111
415,63.5,Male,18,Non-carrier,NA,8,0.109214307
416,66.6,Female,16,Non-carrier,68.9,0,0.111767429
416,66.6,Female,16,Non-carrier,68.9,2,0.109024281
416,66.6,Female,16,Non-carrier,68.9,4,0.113209208
416,66.6,Female,16,Non-carrier,68.9,6,0.105000017
416,66.6,Female,16,Non-carrier,68.9,8,0.106021985
417,68.1,Female,16,Carrier,72.5,0,0.109277104
417,68.1,Female,16,Carrier,72.5,2,0.10508806
417,68.1,Female,16,Carrier,72.5,4,0.105360371
417,68.1,Female,16,Carrier,72.5,6,0.105517925
417,68.1,Female,16,Carrier,72.5,8,0.10132809
418,64.2,Male,12,Carrier,NA,0,0.11162232
418,64.2,Male,12,Carrier,NA,2,NA
418,64.2,Male,12,Carrier,NA,4,0.107605532
418,64.2,Male,12,Carrier,NA,6,0.103964874
418,64.2,Male,12,Carrier,NA,8,0.105055193
419,60.7,Female,16,Carrier,63.8,0,0.114644146
419,60.7,Female,16,Carrier,63.8,2,0.108243592
419,60.7,Female,16,Carrier,63.8,4,0.112268963
419,60.7,Female,16,Carrier,63.8,6,0.106069914
419,60.7,Female,16,Carrier,63.8,8,0.10415295
420,70.1,Male,16,Non-carrier,NA,0,0.10960311
420,70.1,Male,16,Non-carrier,NA,2,0.111670212
420,70.1,Male,16,Non-carrier,NA,4,0.107412607
420,70.1,Male,16,Non-carrier,NA,6,0.110715141
420,70.1,Male,16,Non-carrier,NA,8,NA
421,69.3,Female,16,Non-carrier,NA,0,0.113799342
421,69.3,Female,16,Non-carrier,NA,2,0.107506943
421,69.3,Female,16,Non-carrier,NA,4,0.105009479
421,69.3,Female,16,Non-carrier,NA,6,0.111238236
421,69.3,Female,16,Non-carrier,NA,8,0.108845336
422,62.9,Female,12,Carrier,NA,0,0.106676555
422,62.9,Female,12,Carrier,NA,2,0.105541532
422,62.9,Female,12,Carrier,NA,4,0.107451301
422,62.9,Female,12,Carrier,NA,6,0.108318444
422,62.9,Female,12,Carrier,NA,8,0.105647539
423,64.8,Female,16,Carrier,70.3,0,0.108118705
423,64.8,Female,16,Carrier,70.3,2,0.107796862
423,64.8,Female,16,Carrier,70.3,4,0.107986282
423,64.8,Female,16,Carrier,70.3,6,0.103578995
423,64.8,Female,16,Carrier,70.3,8,0.11011534
424,59.7,Male,18,Carrier,62.9,0,0.107988193
424,59.7,Male,18,Carrier,62.9,2,0.10727975
424,59.7,Male,18,Carrier,62.9,4,NA
424,59.7,Male,18,Carrier,62.9,6,0.107820109
424,59.7,Male,18,Carrier,62.9,8,0.107154515
425,66.7,Male,16,Non-carrier,NA,0,0.111313214
425,66.7,Male,16,Non-carrier,NA,2,0.110991653
425,66.7,Male,16,Non-carrier,NA,4,0.110098963
425,66.7,Male,16,Non-carrier,NA,6,0.111583618
425,66.7,Male,16,Non-carrier,NA,8,0.108913147
426,69.8,Male,16,Non-carrier,76.8,0,0.110310062
426,69.8,Male,16,Non-carrier,76.8,2,0.106626194
426,69.8,Male,16,Non-carrier,76.8,4,0.105759193
426,69.8,Male,16,Non-carrier,76.8,6,0.108039787
426,69.8,Male,16,Non-carrier,76.8,8,0.105913739
427,60.1,Male,12,Non-carrier,NA,0,0.110183865
427,60.1,Male,12,Non-carrier,NA,2,0.109537729
427,60.1,Male,12,Non-carrier,NA,4,0.114423322
427,60.1,Male,12,Non-carrier,NA,6,0.11234487
427,60.1,Male,12,Non-carrier,NA,8,NA
428,62.7,Male,18,Non-carrier,NA,0,0.109593275
428,62.7,Male,18,Non-carrier,NA,2,0.111114254
428,62.7,Male,18,Non-carrier,NA,4,0.111706224
428,62.7,Male,18,Non-carrier,NA,6,0.109712911
428,62.7,Male,18,Non-carrier,NA,8,0.110886067
429,63.1,Male,16,Carrier,NA,0,0.10860544
429,63.1,Male,16,Carrier,NA,2,0.112263306
429,63.1,Male,16,Carrier,NA,4,0.10961454
429,63.1,Male,16,Carrier,NA,6,0.107045634
429,63.1,Male,16,Carrier,NA,8,0.108090234
430,63,Female,20,Non-carrier,NA,0,0.111110976
430,63,Female,20,Non-carrier,NA,2,0.113769421
430,63,Female,20,Non-carrier,NA,4,0.113034346
430,63,Female,20,Non-carrier,NA,6,NA
430,63,Female,20,Non-carrier,NA,8,NA
431,58.9,Male,16,Carrier,61.2,0,0.117180111
431,58.9,Male,16,Carrier,61.2,2,0.110687702
431,58.9,Male,16,Carrier,61.2,4,0.107133996
431,58.9,Male,16,Carrier,61.2,6,0.10872562
431,58.9,Male,16,Carrier,61.2,8,0.106799552
432,66.5,Female,16,Non-carrier,NA,0,0.10543651
432,66.5,Female,16,Non-carrier,NA,2,0.110921688
432,66.5,Female,16,Non-carrier,NA,4,NA
432,66.5,Female,16,Non-carrier,NA,6,0.108020545
432,66.5,Female,16,Non-carrier,NA,8,0.110984951
433,60.4,Male,12,Carrier,NA,0,0.11095067
433,60.4,Male,12,Carrier,NA,2,0.112410406
433,60.4,Male,12,Carrier,NA,4,0.109277554
433,60.4,Male,12,Carrier,NA,6,0.108903841
433,60.4,Male,12,Carrier,NA,8,0.106948706
434,64.9,Male,16,Non-carrier,NA,0,0.114574762
434,64.9,Male,16,Non-carrier,NA,2,0.110975001
434,64.9,Male,16,Non-carrier,NA,4,0.115847696
434,64.9,Male,16,Non-carrier,NA,6,0.109552336
434,64.9,Male,16,Non-carrier,NA,8,0.108468762
435,66.8,Female,16,Non-carrier,NA,0,0.109042458
435,66.8,Female,16,Non-carrier,NA,2,0.110343846
435,66.8,Female,16,Non-carrier,NA,4,0.111359897
435,66.8,Female,16,Non-carrier,NA,6,0.111916307
435,66.8,Female,16,Non-carrier,NA,8,0.109640853
436,64.4,Male,12,Carrier,NA,0,0.104514207
436,64.4,Male,12,Carrier,NA,2,0.110257977
436,64.4,Male,12,Carrier,NA,4,0.111416661
436,64.4,Male,12,Carrier,NA,6,0.108085945
436,64.4,Male,12,Carrier,NA,8,0.10012247
437,67.7,Female,18,Carrier,NA,0,0.108135916
437,67.7,Female,18,Carrier,NA,2,0.105255451
437,67.7,Female,18,Carrier,NA,4,NA
437,67.7,Female,18,Carrier,NA,6,0.103392509
437,67.7,Female,18,Carrier,NA,8,0.103583169
438,64.9,Female,16,Non-carrier,NA,0,0.111720018
438,64.9,Female,16,Non-carrier,NA,2,0.107789231
438,64.9,Female,16,Non-carrier,NA,4,0.11042367
438,64.9,Female,16,Non-carrier,NA,6,0.108223344
438,64.9,Female,16,Non-carrier,NA,8,0.10967436
439,63.1,Female,16,Non-carrier,NA,0,0.109270125
439,63.1,Female,16,Non-carrier,NA,2,NA
439,63.1,Female,16,Non-carrier,NA,4,0.110776789
439,63.1,Female,16,Non-carrier,NA,6,0.103173607
439,63.1,Female,16,Non-carrier,NA,8,0.107273022
440,66.9,Male,16,Carrier,72.3,0,0.108088699
440,66.9,Male,16,Carrier,72.3,2,0.10864704
440,66.9,Male,16,Carrier,72.3,4,0.108510511
440,66.9,Male,16,Carrier,72.3,6,NA
440,66.9,Male,16,Carrier,72.3,8,0.103824334
441,63.7,Female,18,Non-carrier,NA,0,0.113751765
441,63.7,Female,18,Non-carrier,NA,2,NA
441,63.7,Female,18,Non-carrier,NA,4,0.109578073
441,63.7,Female,18,Non-carrier,NA,6,NA
441,63.7,Female,18,Non-carrier,NA,8,0.109615973
442,70.3,Male,18,Non-carrier,71.3,0,0.107946154
442,70.3,Male,18,Non-carrier,71.3,2,0.114161562
442,70.3,Male,18,Non-carrier,71.3,4,0.1105537
442,70.3,Male,18,Non-carrier,71.3,6,0.106454629
442,70.3,Male,18,Non-carrier,71.3,8,0.103088929
443,64.9,Male,20,Carrier,NA,0,0.10722303
443,64.9,Male,20,Carrier,NA,2,0.108332103
443,64.9,Male,20,Carrier,NA,4,0.102615472
443,64.9,Male,20,Carrier,NA,6,0.105995796
443,64.9,Male,20,Carrier,NA,8,0.10901351
444,67.6,Female,16,Non-carrier,NA,0,0.113098331
444,67.6,Female,16,Non-carrier,NA,2,0.109344515
444,67.6,Female,16,Non-carrier,NA,4,0.109770461
444,67.6,Female,16,Non-carrier,NA,6,0.106564458
444,67.6,Female,16,Non-carrier,NA,8,0.106285924
445,65.6,Female,16,Non-carrier,NA,0,0.110213517
445,65.6,Female,16,Non-carrier,NA,2,0.112164768
445,65.6,Female,16,Non-carrier,NA,4,0.111268016
445,65.6,Female,16,Non-carrier,NA,6,0.108200866
445,65.6,Female,16,Non-carrier,NA,8,0.110846192
446,56,Male,16,Carrier,NA,0,0.106255778
446,56,Male,16,Carrier,NA,2,0.110742988
446,56,Male,16,Carrier,NA,4,0.113766563
446,56,Male,16,Carrier,NA,6,0.113627495
446,56,Male,16,Carrier,NA,8,0.111382255
447,60.9,Male,16,Non-carrier,NA,0,0.114193915
447,60.9,Male,16,Non-carrier,NA,2,0.113647613
447,60.9,Male,16,Non-carrier,NA,4,0.111391413
447,60.9,Male,16,Non-carrier,NA,6,0.109293994
447,60.9,Male,16,Non-carrier,NA,8,0.109824567
448,63.7,Male,12,Carrier,68.5,0,0.109258188
448,63.7,Male,12,Carrier,68.5,2,0.105841078
448,63.7,Male,12,Carrier,68.5,4,0.107747641
448,63.7,Male,12,Carrier,68.5,6,NA
448,63.7,Male,12,Carrier,68.5,8,0.10382381
449,65.7,Male,16,Carrier,69.6,0,0.106108076
449,65.7,Male,16,Carrier,69.6,2,0.106946238
449,65.7,Male,16,Carrier,69.6,4,0.109820109
449,65.7,Male,16,Carrier,69.6,6,NA
449,65.7,Male,16,Carrier,69.6,8,0.108115146
450,58,Female,16,Non-carrier,NA,0,0.110871392
450,58,Female,16,Non-carrier,NA,2,0.11233316
450,58,Female,16,Non-carrier,NA,4,0.110993465
450,58,Female,16,Non-carrier,NA,6,0.110439488
450,58,Female,16,Non-carrier,NA,8,0.109777692
451,67.9,Female,16,Non-carrier,NA,0,0.103817071
451,67.9,Female,16,Non-carrier,NA,2,0.106886333
451,67.9,Female,16,Non-carrier,NA,4,0.110564206
451,67.9,Female,16,Non-carrier,NA,6,0.111948352
451,67.9,Female,16,Non-carrier,NA,8,0.105686326
452,63.2,Male,16,Carrier,70.1,0,0.108803351
452,63.2,Male,16,Carrier,70.1,2,NA
452,63.2,Male,16,Carrier,70.1,4,0.107040939
452,63.2,Male,16,Carrier,70.1,6,0.108567858
452,63.2,Male,16,Carrier,70.1,8,0.105120602
453,62.7,Male,18,Non-carrier,68.6,0,0.113857033
453,62.7,Male,18,Non-carrier,68.6,2,0.112321772
453,62.7,Male,18,Non-carrier,68.6,4,0.108314519
453,62.7,Male,18,Non-carrier,68.6,6,0.109028408
453,62.7,Male,18,Non-carrier,68.6,8,0.106029713
454,60.3,Female,16,Carrier,NA,0,0.107184782
454,60.3,Female,16,Carrier,NA,2,0.112458593
454,60.3,Female,16,Carrier,NA,4,0.106626914
454,60.3,Female,16,Carrier,NA,6,0.106243479
454,60.3,Female,16,Carrier,NA,8,0.104957373
455,60.6,Female,18,Non-carrier,NA,0,0.114536385
455,60.6,Female,18,Non-carrier,NA,2,0.113694314
455,60.6,Female,18,Non-carrier,NA,4,0.114421157
455,60.6,Female,18,Non-carrier,NA,6,0.113062703
455,60.6,Female,18,Non-carrier,NA,8,0.109135023
456,65.2,Male,16,Non-carrier,NA,0,0.113702455
456,65.2,Male,16,Non-carrier,NA,2,NA
456,65.2,Male,16,Non-carrier,NA,4,0.114616772
456,65.2,Male,16,Non-carrier,NA,6,NA
456,65.2,Male,16,Non-carrier,NA,8,NA
457,66.5,Female,12,Carrier,NA,0,0.106417695
457,66.5,Female,12,Carrier,NA,2,0.107201293
457,66.5,Female,12,Carrier,NA,4,0.108348057
457,66.5,Female,12,Carrier,NA,6,0.108864187
457,66.5,Female,12,Carrier,NA,8,0.106687822
458,58.7,Male,16,Carrier,NA,0,0.11242496
458,58.7,Male,16,Carrier,NA,2,0.111832245
458,58.7,Male,16,Carrier,NA,4,0.110254455
458,58.7,Male,16,Carrier,NA,6,0.108375329
458,58.7,Male,16,Carrier,NA,8,0.108762325
459,62,Male,16,Non-carrier,NA,0,0.11079733
459,62,Male,16,Non-carrier,NA,2,0.111978578
459,62,Male,16,Non-carrier,NA,4,0.113613587
459,62,Male,16,Non-carrier,NA,6,0.11285406
459,62,Male,16,Non-carrier,NA,8,0.109816686
460,66.6,Female,16,Non-carrier,NA,0,0.111177153
460,66.6,Female,16,Non-carrier,NA,2,0.109035694
460,66.6,Female,16,Non-carrier,NA,4,0.10707184
460,66.6,Female,16,Non-carrier,NA,6,NA
460,66.6,Female,16,Non-carrier,NA,8,0.103722411
461,63.6,Male,18,Non-carrier,NA,0,0.11131826
461,63.6,Male,18,Non-carrier,NA,2,0.111722852
461,63.6,Male,18,Non-carrier,NA,4,0.110242553
461,63.6,Male,18,Non-carrier,NA,6,0.111167073
461,63.6,Male,18,Non-carrier,NA,8,0.108521001
462,71.5,Male,16,Non-carrier,NA,0,0.113264904
462,71.5,Male,16,Non-carrier,NA,2,0.109714173
462,71.5,Male,16,Non-carrier,NA,4,0.107209301
462,71.5,Male,16,Non-carrier,NA,6,NA
462,71.5,Male,16,Non-carrier,NA,8,0.105025549
463,68.7,Female,16,Carrier,NA,0,0.104653126
463,68.7,Female,16,Carrier,NA,2,0.108005891
463,68.7,Female,16,Carrier,NA,4,NA
463,68.7,Female,16,Carrier,NA,6,0.100516477
463,68.7,Female,16,Carrier,NA,8,0.105967832
464,66.8,Male,20,Non-carrier,NA,0,0.113219556
464,66.8,Male,20,Non-carrier,NA,2,0.113897597
464,66.8,Male,20,Non-carrier,NA,4,0.109726598
464,66.8,Male,20,Non-carrier,NA,6,0.111430567
464,66.8,Male,20,Non-carrier,NA,8,0.109383737
465,65,Male,16,Non-carrier,NA,0,0.107501228
465,65,Male,16,Non-carrier,NA,2,0.114188362
465,65,Male,16,Non-carrier,NA,4,0.109159353
465,65,Male,16,Non-carrier,NA,6,0.115900536
465,65,Male,16,Non-carrier,NA,8,0.112619995
466,65.8,Male,18,Non-carrier,NA,0,0.115142096
466,65.8,Male,18,Non-carrier,NA,2,0.116062053
466,65.8,Male,18,Non-carrier,NA,4,0.111334526
466,65.8,Male,18,Non-carrier,NA,6,0.109230611
466,65.8,Male,18,Non-carrier,NA,8,0.105973147
467,62.9,Male,18,Non-carrier,NA,0,0.114514549
467,62.9,Male,18,Non-carrier,NA,2,0.11092243
467,62.9,Male,18,Non-carrier,NA,4,0.114942874
467,62.9,Male,18,Non-carrier,NA,6,NA
467,62.9,Male,18,Non-carrier,NA,8,0.109947017
468,66.9,Female,16,Carrier,NA,0,0.109642837
468,66.9,Female,16,Carrier,NA,2,NA
468,66.9,Female,16,Carrier,NA,4,0.111914804
468,66.9,Female,16,Carrier,NA,6,0.104893822
468,66.9,Female,16,Carrier,NA,8,0.105111863
469,69.4,Female,18,Non-carrier,NA,0,0.108393823
469,69.4,Female,18,Non-carrier,NA,2,NA
469,69.4,Female,18,Non-carrier,NA,4,0.110604278
469,69.4,Female,18,Non-carrier,NA,6,0.104722327
469,69.4,Female,18,Non-carrier,NA,8,0.107260583
470,68.3,Male,12,Non-carrier,NA,0,0.112726926
470,68.3,Male,12,Non-carrier,NA,2,0.108474775
470,68.3,Male,12,Non-carrier,NA,4,0.112524173
470,68.3,Male,12,Non-carrier,NA,6,0.108815306
470,68.3,Male,12,Non-carrier,NA,8,0.11100606
471,62.6,Male,16,Carrier,68.9,0,0.111027383
471,62.6,Male,16,Carrier,68.9,2,0.106424715
471,62.6,Male,16,Carrier,68.9,4,0.111068422
471,62.6,Male,16,Carrier,68.9,6,0.107208238
471,62.6,Male,16,Carrier,68.9,8,0.110534005
472,60.1,Female,12,Non-carrier,NA,0,0.111204398
472,60.1,Female,12,Non-carrier,NA,2,0.115584445
472,60.1,Female,12,Non-carrier,NA,4,0.109258812
472,60.1,Female,12,Non-carrier,NA,6,0.112268992
472,60.1,Female,12,Non-carrier,NA,8,0.113516834
473,64.7,Female,16,Non-carrier,NA,0,0.11055729
473,64.7,Female,16,Non-carrier,NA,2,0.110901035
473,64.7,Female,16,Non-carrier,NA,4,0.10788113
473,64.7,Female,16,Non-carrier,NA,6,0.111750296
473,64.7,Female,16,Non-carrier,NA,8,0.110563091
474,66.3,Male,16,Non-carrier,NA,0,0.110554761
474,66.3,Male,16,Non-carrier,NA,2,0.111891005
474,66.3,Male,16,Non-carrier,NA,4,0.114904251
474,66.3,Male,16,Non-carrier,NA,6,0.109917734
474,66.3,Male,16,Non-carrier,NA,8,0.107265883
475,69.1,Male,16,Non-carrier,NA,0,0.113232698
475,69.1,Male,16,Non-carrier,NA,2,0.110865707
475,69.1,Male,16,Non-carrier,NA,4,0.107566501
475,69.1,Male,16,Non-carrier,NA,6,0.10915194
475,69.1,Male,16,Non-carrier,NA,8,0.105219974
476,61,Male,16,Non-carrier,NA,0,0.112312851
476,61,Male,16,Non-carrier,NA,2,0.111471394
476,61,Male,16,Non-carrier,NA,4,0.112400645
476,61,Male,16,Non-carrier,NA,6,0.105352234
476,61,Male,16,Non-carrier,NA,8,0.112690811
477,66.1,Female,18,Non-carrier,NA,0,0.112624527
477,66.1,Female,18,Non-carrier,NA,2,0.107853728
477,66.1,Female,18,Non-carrier,NA,4,0.109543928
477,66.1,Female,18,Non-carrier,NA,6,0.108449884
477,66.1,Female,18,Non-carrier,NA,8,0.1056868
478,65.7,Male,16,Non-carrier,NA,0,0.11201055
478,65.7,Male,16,Non-carrier,NA,2,0.115357869
478,65.7,Male,16,Non-carrier,NA,4,0.108104159
478,65.7,Male,16,Non-carrier,NA,6,0.111896156
478,65.7,Male,16,Non-carrier,NA,8,0.110659401
479,68.6,Female,18,Non-carrier,NA,0,0.105849802
479,68.6,Female,18,Non-carrier,NA,2,0.106460984
479,68.6,Female,18,Non-carrier,NA,4,0.110864882
479,68.6,Female,18,Non-carrier,NA,6,0.106587438
479,68.6,Female,18,Non-carrier,NA,8,0.104918776
480,64.9,Female,20,Non-carrier,NA,0,0.115047403
480,64.9,Female,20,Non-carrier,NA,2,0.109866698
480,64.9,Female,20,Non-carrier,NA,4,0.110644645
480,64.9,Female,20,Non-carrier,NA,6,0.108962615
480,64.9,Female,20,Non-carrier,NA,8,0.111075379
481,63.9,Male,16,Non-carrier,NA,0,0.113442174
481,63.9,Male,16,Non-carrier,NA,2,0.112416335
481,63.9,Male,16,Non-carrier,NA,4,0.113371917
481,63.9,Male,16,Non-carrier,NA,6,0.112762154
481,63.9,Male,16,Non-carrier,NA,8,0.110903612
482,61.6,Male,18,Non-carrier,NA,0,0.116135142
482,61.6,Male,18,Non-carrier,NA,2,0.114311943
482,61.6,Male,18,Non-carrier,NA,4,0.113397136
482,61.6,Male,18,Non-carrier,NA,6,0.110586042
482,61.6,Male,18,Non-carrier,NA,8,0.112990595
483,63.4,Male,16,Carrier,NA,0,0.108782286
483,63.4,Male,16,Carrier,NA,2,0.10723613
483,63.4,Male,16,Carrier,NA,4,0.108469817
483,63.4,Male,16,Carrier,NA,6,0.107775949
483,63.4,Male,16,Carrier,NA,8,0.105178037
